Time Stamp,CurrencyKey,Supplier ID,UnitPrice,SalesQuantity,zip,city,state_id,state_name,Order Details
01/01/2015 20:08,GBP,6,XXX,19,1633,Parsonsfield,ME,Maine,2#23#32
04/01/2015 17:24,USD,23,160,27,1806,Vanceboro,ME,Maine,3#5#174
05/01/2015 10:43,USD,10,XXX,15,1616,Cliff Island,ME,Maine,4#70#173
06/01/2015 10:28,USD,11,92,10,991,Lowell,MA,Massachusetts,5#66#151
06/01/2015 10:28,GBP,25,120,25,1046,Hull,MA,Massachusetts,6#35#171
07/01/2015 9:30,EUR,25,97,18,1917,Limestone,ME,Maine,7#28#89
07/01/2015 11:11,USD,16,113,20,654,Naranjito,PR,Puerto Rico,8#1#13
07/01/2015 12:30,GBP,28,141,21,952,Ashland,MA,Massachusetts,9#5#181
08/01/2015 11:39,USD,26,87,10,689,Barranquitas,PR,Puerto Rico,10#5#178
09/01/2015 15:13,GBP,25,103,30,1410,Hill,NH,New Hampshire,11#73#50
10/01/2015 15:36,GBP,16,139,21,1531,Atkinson,NH,New Hampshire,12#54#256
11/01/2015 12:28,GBP,13,183,13,854,Monroe Bridge,MA,Massachusetts,13#28#153
12/01/2015 17:13,USD,1,136,24,1551,Glen,NH,New Hampshire,14#67#196
14/01/2015 19:00,EUR,25,113,30,1492,West Stewartstown,NH,New Hampshire,15#65#33
15/01/2015 17:58,EUR,22,66,13,1340,Riverside,RI,Rhode Island,16#64#244
15/01/2015 17:58,USD,11,157,30,1342,Smithfield,RI,Rhode Island,17#49#289
15/01/2015 17:58,GBP,20,106,23,1027,Newbury,MA,Massachusetts,18#11#132
15/01/2015 17:58,USD,20,184,11,875,East Templeton,MA,Massachusetts,19#56#199
19/01/2015 14:09,USD,14,94,29,1135,Plymouth,MA,Massachusetts,20#68#201
19/01/2015 16:16,EUR,5,155,21,1585,Somersworth,NH,New Hampshire,21#33#146
19/01/2015 19:16,GBP,29,115,12,1327,North Smithfield,RI,Rhode Island,22#10#81
20/01/2015 10:06,GBP,27,174,28,1438,Wentworth,NH,New Hampshire,23#9#278
21/01/2015 15:50,USD,29,149,14,1278,Clayville,RI,Rhode Island,24#11#236
23/01/2015 11:22,EUR,3,168,29,1799,Sangerville,ME,Maine,25#72#255
23/01/2015 11:22,GBP,7,166,18,949,Acton,MA,Massachusetts,26#48#19
23/01/2015 13:40,GBP,22,101,12,1523,Pike,NH,New Hampshire,27#67#19
23/01/2015 13:40,USD,19,166,17,1316,Kingston,RI,Rhode Island,28#31#247
26/01/2015 18:02,GBP,19,158,25,1274,Bristol,RI,Rhode Island,29#42#221
27/01/2015 10:50,GBP,2,157,14,1137,South Carver,MA,Massachusetts,30#18#166
27/01/2015 11:32,GBP,5,141,21,606,Arecibo,PR,Puerto Rico,31#47#63
27/01/2015 11:32,EUR,22,114,26,1368,Nashua,NH,New Hampshire,32#26#151
27/01/2015 11:32,EUR,3,146,17,1815,Boothbay Harbor,ME,Maine,33#48#215
28/01/2015 16:04,EUR,17,131,18,782,Warren,MA,Massachusetts,34#76#175
28/01/2015 20:57,GBP,1,110,12,1085,Allston,MA,Massachusetts,35#59#105
29/01/2015 16:02,USD,14,124,10,1437,Weare,NH,New Hampshire,36#52#148
29/01/2015 16:02,USD,1,180,20,1814,Boothbay,ME,Maine,37#18#277
29/01/2015 16:02,EUR,16,157,29,720,Catano,PR,Puerto Rico,38#16#203
30/01/2015 14:17,GBP,3,120,28,1627,Gray,ME,Maine,39#52#166
30/01/2015 14:17,GBP,17,82,30,626,Jayuya,PR,Puerto Rico,40#61#247
30/01/2015 14:17,EUR,27,145,18,1290,Hopkinton,RI,Rhode Island,41#61#118
31/01/2015 11:18,GBP,3,87,28,1720,Bowdoin,ME,Maine,42#8#104
31/01/2015 11:18,USD,15,166,27,1190,Siasconset,MA,Massachusetts,43#23#53
31/01/2015 19:32,EUR,26,92,14,783,West Chesterfield,MA,Massachusetts,44#54#134
01/02/2015 20:18,USD,7,131,14,1670,Falmouth,ME,Maine,45#29#241
01/02/2015 20:18,EUR,4,141,15,1758,Carmel,ME,Maine,46#73#259
01/02/2015 20:18,GBP,17,200,25,1984,Farmington Falls,ME,Maine,47#63#14
02/02/2015 20:03,USD,4,141,29,1902,Baileyville,ME,Maine,48#27#119
03/02/2015 13:13,GBP,2,97,16,1467,Rindge,NH,New Hampshire,49#65#201
03/02/2015 13:13,USD,25,88,12,942,Worcester,MA,Massachusetts,50#70#116
03/02/2015 20:58,EUR,6,143,18,1995,Newport,ME,Maine,51#9#191
03/02/2015 20:58,GBP,10,126,17,1880,Mount Desert,ME,Maine,52#56#229
04/02/2015 13:42,GBP,18,160,19,1572,Lee,NH,New Hampshire,53#24#203
04/02/2015 15:26,USD,25,183,12,1978,Dixmont,ME,Maine,54#28#66
05/02/2015 11:15,GBP,22,106,27,1684,East Andover,ME,Maine,55#27#6
05/02/2015 12:10,GBP,8,133,24,1644,Old Orchard Beach,ME,Maine,56#5#53
10/02/2015 16:57,GBP,13,135,30,1253,North Dartmouth,MA,Massachusetts,57#21#26
10/02/2015 20:58,EUR,15,174,28,1389,Ashland,NH,New Hampshire,58#52#5
11/02/2015 11:03,USD,22,83,21,1283,Foster,RI,Rhode Island,59#10#99
11/02/2015 11:03,EUR,24,115,24,1759,Castine,ME,Maine,60#11#95
11/02/2015 15:50,EUR,27,95,22,1111,East Weymouth,MA,Massachusetts,61#24#195
11/02/2015 15:50,GBP,10,151,23,1522,Piermont,NH,New Hampshire,62#3#131
12/02/2015 10:32,EUR,28,155,26,1094,Somerville,MA,Massachusetts,63#54#282
12/02/2015 10:32,GBP,3,142,16,1950,Owls Head,ME,Maine,64#11#242
13/02/2015 14:25,USD,17,179,19,1588,Strafford,NH,New Hampshire,65#1#292
13/02/2015 14:25,GBP,2,77,26,1503,Canaan,NH,New Hampshire,66#76#278
17/02/2015 10:56,GBP,7,79,15,1667,Portland,ME,Maine,67#71#64
17/02/2015 12:05,EUR,29,109,17,1499,South Acworth,NH,New Hampshire,68#51#111
18/02/2015 15:07,EUR,8,94,27,753,Granville,MA,Massachusetts,69#34#47
18/02/2015 19:11,EUR,27,172,13,1288,Hope,RI,Rhode Island,70#66#43
18/02/2015 20:26,GBP,13,175,25,1997,New Vineyard,ME,Maine,71#42#187
19/02/2015 19:01,EUR,20,121,13,914,North Grafton,MA,Massachusetts,72#12#11
19/02/2015 19:11,EUR,21,187,15,632,Rincon,PR,Puerto Rico,73#9#46
19/02/2015 19:11,GBP,1,129,18,1967,Bingham,ME,Maine,74#50#40
20/02/2015 10:49,GBP,14,122,25,1689,Greene,ME,Maine,75#3#78
20/02/2015 17:38,GBP,1,82,10,1025,Middleton,MA,Massachusetts,76#53#32
20/02/2015 18:28,EUR,26,125,16,1686,East Livermore,ME,Maine,77#25#287
20/02/2015 18:28,GBP,9,104,17,1548,Farmington,NH,New Hampshire,78#27#153
21/02/2015 12:28,GBP,17,150,13,1231,West Yarmouth,MA,Massachusetts,79#40#208
21/02/2015 12:28,EUR,20,165,21,1704,Newry,ME,Maine,80#56#17
21/02/2015 12:28,EUR,16,179,15,1042,East Walpole,MA,Massachusetts,81#37#44
21/02/2015 12:28,EUR,9,104,27,1910,Easton,ME,Maine,82#59#286
21/02/2015 13:49,USD,19,65,20,1480,Franconia,NH,New Hampshire,83#63#123
21/02/2015 13:49,EUR,15,125,16,928,Uxbridge,MA,Massachusetts,84#30#208
21/02/2015 13:49,GBP,9,83,11,1734,Litchfield,ME,Maine,85#29#195
22/02/2015 13:02,EUR,17,136,15,1948,Monhegan,ME,Maine,86#35#103
22/02/2015 19:37,GBP,23,140,17,1878,Meddybemps,ME,Maine,87#56#84
23/02/2015 11:21,EUR,13,83,12,1287,Harrisville,RI,Rhode Island,88#72#30
23/02/2015 11:21,EUR,28,130,23,1513,Hanover,NH,New Hampshire,89#34#236
23/02/2015 11:21,EUR,4,111,16,992,Lowell,MA,Massachusetts,90#76#28
23/02/2015 13:45,EUR,27,198,20,1137,South Carver,MA,Massachusetts,91#20#282
23/02/2015 13:45,EUR,2,172,24,1726,Dresden,ME,Maine,92#50#127
23/02/2015 13:45,USD,22,131,27,1888,Sargentville,ME,Maine,93#64#62
23/02/2015 13:45,EUR,12,134,17,764,Monson,MA,Massachusetts,94#15#231
23/02/2015 14:38,USD,3,108,25,1673,Peaks Island,ME,Maine,95#34#5
23/02/2015 17:29,USD,6,106,21,923,South Lancaster,MA,Massachusetts,96#46#59
23/02/2015 17:29,GBP,8,139,28,766,Florence,MA,Massachusetts,97#61#4
23/02/2015 19:05,USD,27,68,18,1618,Cumberland Center,ME,Maine,98#58#5
23/02/2015 19:05,EUR,16,134,13,1698,Greenwood,ME,Maine,99#59#276
23/02/2015 20:49,EUR,19,173,19,1801,Shirley Mills,XXX,Maine,100#62#48
23/02/2015 20:49,USD,4,124,28,961,XXX,MA,Massachusetts,101#33#32
24/02/2015 9:23,EUR,10,133,16,1462,XXX,NH,New Hampshire,102#10#89
24/02/2015 10:14,EUR,5,129,21,1669,XXX,ME,Maine,103#34#55
24/02/2015 20:10,EUR,29,146,19,1642,XXX,ME,Maine,104#70#288
24/02/2015 20:10,USD,24,136,27,1453,Chesterfield,NH,New Hampshire,105#XXX#186
25/02/2015 14:32,GBP,8,104,17,1334,Providence,RI,Rhode Island,106#XXX#112
25/02/2015 17:52,USD,8,126,27,1106,Melrose,MA,Massachusetts,107#XXX#54
26/02/2015 14:26,USD,7,94,15,1341,Rumford,RI,Rhode Island,108#XXX#104
26/02/2015 14:26,USD,7,68,24,XXX,Guayanilla,PR,Puerto Rico,109#26#234
26/02/2015 18:23,USD,23,157,26,1323,West Kingston,RI,Rhode Island,110#12#159
26/02/2015 18:23,EUR,26,XXX,16,1619,Denmark,ME,Maine,111#59#133
27/02/2015 9:34,USD,7,63,18,1402,Elkins,NH,New Hampshire,112#21#9
27/02/2015 11:01,USD,11,120,15,642,Vega Baja,PR,Puerto Rico,113#61#3
27/02/2015 11:01,USD,19,XXX,15,1283,Foster,RI,Rhode Island,114#67#38
27/02/2015 15:07,EUR,26,182,16,1050,Medfield,MA,Massachusetts,115#33#134
27/02/2015 15:40,EUR,25,2,7,1323,West Kingston,RI,Rhode Island,116#14#130
27/02/2015 15:40,GBP,16,128,27,1232,Yarmouth Port,MA,Massachusetts,117#11#228
28/02/2015 10:24,EUR,11,140,22,978,Chelmsford,MA,Massachusetts,118#2#171
28/02/2015 16:03,USD,8,104,23,881,Littleton,MA,Massachusetts,119#70#223
28/02/2015 16:03,USD,12,161,28,1250,New Bedford,MA,Massachusetts,120#9#150
28/02/2015 16:03,USD,23,144,29,1333,Providence,RI,Rhode Island,121#70#43
28/02/2015 19:35,GBP,25,136,11,1733,Kents Hill,ME,Maine,122#23#205
28/02/2015 19:35,EUR,12,196,17,1377,Temple,NH,New Hampshire,123#61#95
01/03/2015 11:46,EUR,16,165,16,1637,Lovell,ME,Maine,124#47#187
02/03/2015 10:06,GBP,10,179,20,716,Bayamon,PR,Puerto Rico,125#62#276
02/03/2015 13:53,GBP,3,67,29,1327,North Smithfield,RI,Rhode Island,126#59#15
02/03/2015 17:32,USD,22,111,13,812,Berkshire,MA,Massachusetts,127#29#260
04/03/2015 12:21,USD,7,122,30,1867,Harrington,ME,Maine,128#49#229
04/03/2015 12:21,USD,18,134,12,655,Orocovis,PR,Puerto Rico,129#45#199
04/03/2015 12:21,USD,14,122,27,1716,Turner,ME,Maine,130#70#228
04/03/2015 13:22,GBP,15,125,14,1274,Bristol,RI,Rhode Island,131#15#181
04/03/2015 13:22,USD,16,115,24,923,South Lancaster,MA,Massachusetts,132#61#65
05/03/2015 19:47,GBP,6,181,10,1015,Boxford,MA,Massachusetts,133#67#62
05/03/2015 19:47,EUR,25,121,15,865,Sunderland,MA,Massachusetts,134#62#37
05/03/2015 20:31,EUR,11,156,23,1055,Norwood,MA,Massachusetts,135#47#14
05/03/2015 20:31,EUR,25,109,28,1263,Seekonk,MA,Massachusetts,136#3#280
07/03/2015 14:04,EUR,19,87,13,1144,Lexington,MA,Massachusetts,137#67#204
08/03/2015 10:31,EUR,5,141,15,1617,Cornish,ME,Maine,138#69#49
08/03/2015 10:31,USD,24,175,25,1916,Island Falls,ME,Maine,139#22#244
08/03/2015 10:31,GBP,25,113,17,1396,Center Barnstead,NH,New Hampshire,140#63#12
08/03/2015 14:58,GBP,8,95,22,1772,Greenville Junction,ME,Maine,141#68#10
09/03/2015 13:45,GBP,1,175,15,999,Reading,MA,Massachusetts,142#74#200
10/03/2015 12:48,USD,8,90,26,1740,Richmond,ME,Maine,143#15#232
10/03/2015 15:31,USD,17,111,16,1597,Kittery,ME,Maine,144#68#79
10/03/2015 16:45,EUR,19,135,16,865,Sunderland,MA,Massachusetts,145#37#222
10/03/2015 19:01,EUR,8,147,12,848,Deerfield,MA,Massachusetts,146#19#22
11/03/2015 13:13,USD,15,115,10,1680,Buckfield,ME,Maine,147#15#185
11/03/2015 13:39,EUR,18,129,30,1071,Boston,MA,Massachusetts,148#12#25
11/03/2015 14:01,EUR,12,91,29,960,Hopedale,MA,Massachusetts,149#69#110
11/03/2015 18:23,USD,13,110,18,1510,Goshen,NH,New Hampshire,150#47#147
11/03/2015 18:23,EUR,29,79,26,791,Wilbraham,MA,Massachusetts,151#12#231
11/03/2015 18:36,USD,13,149,13,1178,Falmouth,MA,Massachusetts,152#12#18
12/03/2015 12:12,EUR,29,178,13,1479,Errol,NH,New Hampshire,153#9#211
12/03/2015 12:12,EUR,19,160,12,829,Sandisfield,MA,Massachusetts,154#66#61
12/03/2015 12:19,USD,6,135,20,1165,Belmont,MA,Massachusetts,155#72#98
12/03/2015 12:54,GBP,8,150,21,1637,Lovell,ME,Maine,156#12#271
12/03/2015 13:33,USD,3,126,11,1576,Rochester,NH,New Hampshire,157#68#221
12/03/2015 18:09,GBP,7,15,8,1005,Winchester,MA,Massachusetts,158#42#98
13/03/2015 14:19,EUR,4,101,12,745,Cummington,MA,Massachusetts,159#40#285
15/03/2015 9:55,GBP,29,189,23,1045,Hingham,MA,Massachusetts,160#20#74
15/03/2015 9:55,GBP,27,113,27,1602,York,ME,Maine,161#30#234
15/03/2015 17:11,GBP,15,142,13,1017,Danvers,MA,Massachusetts,162#13#31
16/03/2015 12:50,EUR,4,63,24,1086,Brighton,MA,Massachusetts,163#12#238
17/03/2015 16:23,EUR,20,146,20,1075,Dorchester,MA,Massachusetts,164#14#52
17/03/2015 16:23,EUR,19,156,16,1413,Laconia,NH,New Hampshire,165#27#236
18/03/2015 20:46,GBP,17,106,16,1431,South Sutton,NH,New Hampshire,166#37#227
19/03/2015 11:51,GBP,19,134,29,1567,New Durham,NH,New Hampshire,167#48#259
19/03/2015 11:51,USD,18,114,14,1868,Hulls Cove,ME,Maine,168#13#99
19/03/2015 14:12,GBP,27,126,28,1520,North Haverhill,NH,New Hampshire,169#74#277
20/03/2015 15:19,GBP,15,85,18,1456,Swanzey,NH,New Hampshire,170#15#17
21/03/2015 16:18,USD,2,176,12,862,Royalston,MA,Massachusetts,171#38#200
22/03/2015 9:31,GBP,14,131,16,627,Lajas,PR,Puerto Rico,172#14#70
22/03/2015 9:31,EUR,6,102,14,812,Berkshire,MA,Massachusetts,173#77#150
22/03/2015 11:26,EUR,27,107,17,1510,Goshen,NH,New Hampshire,174#10#129
22/03/2015 11:26,EUR,22,111,15,1634,Limerick,ME,Maine,175#18#153
22/03/2015 13:50,EUR,12,176,25,756,Hardwick,MA,Massachusetts,176#31#226
22/03/2015 13:50,GBP,7,108,19,697,San Juan,PR,Puerto Rico,177#27#17
22/03/2015 15:07,USD,4,161,24,934,Whitinsville,MA,Massachusetts,178#19#9
22/03/2015 15:07,USD,13,81,10,979,Dracut,MA,Massachusetts,179#27#233
22/03/2015 15:26,USD,26,119,20,1572,Lee,NH,New Hampshire,180#34#11
22/03/2015 18:15,USD,20,166,29,1023,Manchester,MA,Massachusetts,181#59#115
23/03/2015 10:04,USD,12,86,14,685,Corozal,PR,Puerto Rico,182#2#96
23/03/2015 14:56,GBP,25,137,12,1388,Andover,NH,New Hampshire,183#65#194
23/03/2015 17:27,GBP,28,108,26,1339,East Providence,RI,Rhode Island,184#70#274
23/03/2015 17:27,GBP,27,134,13,960,Hopedale,MA,Massachusetts,185#2#192
23/03/2015 20:52,USD,26,175,13,1061,Westwood,MA,Massachusetts,186#1#223
24/03/2015 10:04,GBP,6,132,29,1643,Ocean Park,ME,Maine,187#48#241
24/03/2015 11:49,USD,6,117,25,1678,Bethel,ME,Maine,188#4#121
24/03/2015 13:00,GBP,29,154,26,1067,Boston,MA,Massachusetts,189#15#36
24/03/2015 14:31,GBP,2,138,29,620,Garrochales,PR,Puerto Rico,190#60#245
24/03/2015 14:31,GBP,19,142,29,1216,North Truro,MA,Massachusetts,191#69#132
24/03/2015 15:23,EUR,16,113,11,1844,Bar Harbor,ME,Maine,192#35#104
24/03/2015 15:59,GBP,23,75,13,1545,East Wakefield,NH,New Hampshire,193#74#7
24/03/2015 15:59,EUR,13,119,10,783,West Chesterfield,MA,Massachusetts,194#77#143
24/03/2015 16:44,GBP,26,87,15,816,Great Barrington,MA,Massachusetts,195#10#278
24/03/2015 16:44,EUR,28,164,16,1428,Rumney,NH,New Hampshire,196#45#80
25/03/2015 10:15,GBP,14,72,27,1289,Hope Valley,RI,Rhode Island,197#10#95
25/03/2015 15:49,USD,20,136,12,838,Williamstown,MA,Massachusetts,198#54#218
26/03/2015 9:23,GBP,1,116,16,1659,Waterford,ME,Maine,199#58#180
26/03/2015 9:23,USD,24,74,19,1916,Island Falls,ME,Maine,200#8#272
26/03/2015 12:25,USD,19,105,13,1392,Bradford,NH,New Hampshire,201#57#203
26/03/2015 12:25,USD,26,164,28,998,North Reading,MA,Massachusetts,202#36#116
26/03/2015 13:51,GBP,16,133,21,1202,Cummaquid,MA,Massachusetts,203#54#226
26/03/2015 17:25,GBP,22,65,27,1342,Smithfield,RI,Rhode Island,204#40#266
27/03/2015 18:32,USD,28,135,16,762,Leverett,MA,Massachusetts,205#58#214
27/03/2015 18:32,USD,21,103,13,1209,Harwich,MA,Massachusetts,206#25#125
27/03/2015 18:32,EUR,21,120,22,732,Agawam,MA,Massachusetts,207#6#176
28/03/2015 12:18,GBP,9,87,4,1074,Dorchester,MA,Massachusetts,208#63#169
28/03/2015 19:48,EUR,24,138,12,694,San Juan,PR,Puerto Rico,209#13#138
29/03/2015 9:28,GBP,28,133,14,1999,North Anson,ME,Maine,210#42#219
29/03/2015 12:02,EUR,5,131,20,627,Lajas,PR,Puerto Rico,211#77#88
29/03/2015 12:05,GBP,24,105,30,644,Yauco,PR,Puerto Rico,212#23#227
29/03/2015 12:05,GBP,7,81,10,1685,East Dixfield,ME,Maine,213#47#177
29/03/2015 12:05,USD,19,113,23,1555,Hampton,NH,New Hampshire,214#33#32
29/03/2015 12:05,GBP,14,99,29,953,Bedford,MA,Massachusetts,215#74#63
29/03/2015 12:05,EUR,9,119,29,1381,Manchester,NH,New Hampshire,216#56#49
29/03/2015 13:03,USD,7,176,30,889,West Townsend,MA,Massachusetts,217#35#252
29/03/2015 13:03,GBP,8,149,12,725,Guaynabo,PR,Puerto Rico,218#41#2
29/03/2015 13:03,EUR,12,101,12,1412,Holderness,NH,New Hampshire,219#15#207
29/03/2015 13:03,USD,9,111,21,1267,Westport,MA,Massachusetts,220#28#258
29/03/2015 13:14,EUR,4,30,5,934,Whitinsville,MA,Massachusetts,221#66#253
29/03/2015 20:24,EUR,18,90,21,1775,Howland,ME,Maine,222#14#24
30/03/2015 9:36,EUR,9,126,17,1303,Pawtucket,RI,Rhode Island,223#14#15
30/03/2015 9:36,EUR,29,186,24,1832,Squirrel Island,ME,Maine,224#5#135
30/03/2015 10:18,USD,3,139,13,1450,Antrim,NH,New Hampshire,225#34#264
30/03/2015 10:18,GBP,19,141,23,1852,Cherryfield,ME,Maine,226#26#216
30/03/2015 10:18,USD,21,134,12,1154,Newtonville,MA,Massachusetts,227#11#138
30/03/2015 14:14,GBP,11,149,14,672,Santa Isabel,PR,Puerto Rico,228#34#11
30/03/2015 16:04,EUR,16,137,22,800,Springfield,MA,Massachusetts,229#77#15
30/03/2015 16:04,USD,13,128,11,1860,East Machias,ME,Maine,230#24#68
31/03/2015 9:05,USD,12,130,14,1661,West Baldwin,ME,Maine,231#15#260
31/03/2015 9:05,USD,18,106,10,1758,Carmel,ME,Maine,232#14#19
31/03/2015 9:20,GBP,24,138,18,1138,Plympton,MA,Massachusetts,233#39#117
31/03/2015 11:17,EUR,1,168,18,1458,Gilsum,NH,New Hampshire,234#15#230
31/03/2015 11:17,USD,12,119,29,888,Westminster,MA,Massachusetts,235#59#81
31/03/2015 11:17,EUR,3,147,30,1385,Manchester,NH,New Hampshire,236#6#24
31/03/2015 12:39,USD,10,107,25,715,Bayamon,PR,Puerto Rico,237#61#233
31/03/2015 12:39,USD,18,87,29,933,West Brookfield,MA,Massachusetts,238#48#235
31/03/2015 12:39,EUR,25,164,10,1861,Eastport,ME,Maine,239#39#43
31/03/2015 13:17,GBP,29,126,30,1057,Sharon,MA,Massachusetts,240#9#177
31/03/2015 13:17,EUR,15,192,11,1436,Washington,NH,New Hampshire,241#4#200
31/03/2015 13:17,EUR,14,125,15,1813,Alna,ME,Maine,242#51#41
31/03/2015 13:17,EUR,12,184,21,1747,Abbot,ME,Maine,243#25#72
31/03/2015 13:25,EUR,20,151,25,1337,North Providence,RI,Rhode Island,244#44#138
31/03/2015 15:16,GBP,25,86,20,1170,Needham Heights,MA,Massachusetts,245#56#243
31/03/2015 15:37,EUR,7,175,23,788,West Warren,MA,Massachusetts,246#48#241
31/03/2015 16:47,USD,10,96,10,1588,Strafford,NH,New Hampshire,247#17#152
31/03/2015 16:47,EUR,29,186,22,1112,South Weymouth,MA,Massachusetts,248#2#69
31/03/2015 16:47,EUR,10,106,14,1903,Houlton,ME,Maine,249#21#148
31/03/2015 16:47,GBP,3,151,30,1779,Lagrange,ME,Maine,250#61#136
31/03/2015 16:53,USD,21,72,24,1435,Warren,NH,New Hampshire,251#6#262
31/03/2015 16:53,EUR,22,150,18,1322,Westerly,RI,Rhode Island,252#41#261
31/03/2015 16:53,EUR,11,149,19,948,Framingham,MA,Massachusetts,253#21#44
31/03/2015 17:05,EUR,11,184,10,724,Guaynabo,PR,Puerto Rico,254#14#240
31/03/2015 17:09,EUR,14,111,26,1941,Westfield,ME,Maine,255#28#243
31/03/2015 17:53,USD,20,112,26,656,Patillas,PR,Puerto Rico,256#76#216
31/03/2015 17:53,GBP,7,112,12,693,San Juan,PR,Puerto Rico,257#71#49
31/03/2015 18:53,USD,26,66,10,937,Worcester,MA,Massachusetts,258#1#286
31/03/2015 18:53,USD,3,84,11,1180,Woods Hole,MA,Massachusetts,259#22#239
31/03/2015 19:16,USD,12,94,26,1330,Providence,RI,Rhode Island,260#51#45
31/03/2015 20:47,USD,15,98,15,1240,Fall River,MA,Massachusetts,261#54#259
31/03/2015 20:47,EUR,11,103,11,717,Bayamon,PR,Puerto Rico,262#62#281
02/04/2015 16:35,GBP,13,121,21,1314,Tiverton,RI,Rhode Island,263#37#4
02/04/2015 16:35,USD,22,146,19,1200,Chatham,MA,Massachusetts,264#40#241
05/04/2015 15:36,USD,16,156,16,851,Heath,MA,Massachusetts,265#16#289
05/04/2015 15:36,USD,7,110,30,1679,Bryant Pond,ME,Maine,266#40#187
05/04/2015 15:36,GBP,17,124,28,1722,Peru,ME,Maine,267#38#204
05/04/2015 16:24,GBP,15,113,16,1439,Springfield,NH,New Hampshire,268#16#35
05/04/2015 16:24,USD,9,168,18,1050,Medfield,MA,Massachusetts,269#24#8
05/04/2015 16:24,EUR,24,148,15,1868,Hulls Cove,ME,Maine,270#9#72
05/04/2015 17:15,GBP,29,130,22,1822,Bremen,ME,Maine,271#32#165
06/04/2015 9:05,USD,15,130,20,1653,Harpswell,ME,Maine,272#18#285
06/04/2015 9:05,EUR,26,132,28,1293,Little Compton,RI,Rhode Island,273#21#216
06/04/2015 12:44,EUR,19,106,11,1680,Buckfield,ME,Maine,274#69#84
06/04/2015 13:01,USD,15,108,14,870,Ashburnham,MA,Massachusetts,275#56#104
06/04/2015 15:01,USD,2,138,24,1152,Newton,MA,Massachusetts,276#3#200
06/04/2015 17:00,GBP,2,174,24,1210,Harwich Port,MA,Massachusetts,277#43#250
06/04/2015 17:00,USD,29,112,22,766,Florence,MA,Massachusetts,278#26#121
06/04/2015 17:00,EUR,8,123,11,974,Woburn,MA,Massachusetts,279#33#235
06/04/2015 17:10,GBP,8,123,17,1334,Providence,RI,Rhode Island,280#44#111
06/04/2015 18:16,USD,29,154,11,1180,Woods Hole,MA,Massachusetts,281#71#145
06/04/2015 18:33,EUR,21,142,20,846,Colrain,MA,Massachusetts,282#72#18
07/04/2015 13:06,USD,7,178,23,1717,Wayne,ME,Maine,283#14#55
07/04/2015 18:39,GBP,6,160,26,841,Ashfield,MA,Massachusetts,284#18#31
08/04/2015 11:07,USD,22,151,25,949,Acton,MA,Massachusetts,285#7#183
08/04/2015 17:23,EUR,29,103,14,1270,Ashaway,RI,Rhode Island,286#54#275
08/04/2015 18:10,EUR,4,90,20,633,Quebradillas,PR,Puerto Rico,287#22#274
08/04/2015 19:39,GBP,13,190,10,1839,Wiscasset,ME,Maine,288#32#95
09/04/2015 10:20,GBP,3,173,23,1966,Belgrade Lakes,ME,Maine,289#56#54
09/04/2015 10:39,GBP,23,148,15,1832,Squirrel Island,ME,Maine,290#15#207
09/04/2015 11:39,EUR,10,168,12,1600,Ogunquit,ME,Maine,291#27#143
09/04/2015 11:39,USD,4,127,14,794,Worthington,MA,Massachusetts,292#67#118
09/04/2015 16:48,USD,4,134,18,754,Hadley,MA,Massachusetts,293#52#221
10/04/2015 9:32,EUR,19,152,24,730,Carolina,PR,Puerto Rico,294#70#181
12/04/2015 10:51,EUR,23,121,16,830,Savoy,MA,Massachusetts,295#6#275
12/04/2015 10:51,EUR,27,88,18,1817,Chamberlain,ME,Maine,296#24#222
12/04/2015 11:49,GBP,15,189,16,1600,Ogunquit,ME,Maine,297#54#278
12/04/2015 12:32,GBP,19,93,12,619,Florida,PR,Puerto Rico,298#47#230
12/04/2015 12:42,EUR,16,116,29,722,Guaynabo,PR,Puerto Rico,299#50#234
12/04/2015 13:18,EUR,2,78,11,1700,Mexico,ME,Maine,300#63#248
13/04/2015 11:24,EUR,6,112,26,1179,Buzzards Bay,MA,Massachusetts,301#9#169
13/04/2015 17:37,USD,22,159,27,822,Lenox Dale,MA,Massachusetts,302#66#58
13/04/2015 20:04,GBP,17,118,12,1996,New Sharon,ME,Maine,303#2#189
13/04/2015 20:04,USD,9,79,12,717,Bayamon,PR,Puerto Rico,304#53#234
13/04/2015 20:04,EUR,5,63,11,1927,Perham,ME,Maine,305#42#185
13/04/2015 20:04,EUR,9,141,27,1240,Fall River,MA,Massachusetts,306#32#55
14/04/2015 10:18,EUR,27,177,20,1282,Exeter,RI,Rhode Island,307#4#283
14/04/2015 10:18,EUR,2,77,11,1214,North Chatham,MA,Massachusetts,308#67#238
14/04/2015 10:18,EUR,2,104,24,670,Salinas,PR,Puerto Rico,309#70#145
14/04/2015 18:06,EUR,14,116,22,1419,New Hampton,NH,New Hampshire,310#51#191
14/04/2015 20:36,USD,22,109,20,881,Littleton,MA,Massachusetts,311#27#230
14/04/2015 20:36,GBP,6,166,22,1282,Exeter,RI,Rhode Island,312#31#136
15/04/2015 11:04,USD,15,126,26,1606,Alfred,ME,Maine,313#67#37
15/04/2015 14:27,USD,13,101,20,1514,Haverhill,NH,New Hampshire,314#52#129
15/04/2015 14:27,GBP,19,105,19,643,Vega Baja,PR,Puerto Rico,315#71#199
15/04/2015 17:09,EUR,26,118,11,620,Garrochales,PR,Puerto Rico,316#45#59
15/04/2015 19:14,EUR,23,78,26,1884,Perry,ME,Maine,317#58#220
15/04/2015 19:40,GBP,11,78,12,1537,Conway,NH,New Hampshire,318#38#245
15/04/2015 20:59,USD,2,162,18,1494,Acworth,NH,New Hampshire,319#61#79
15/04/2015 20:59,GBP,23,99,22,862,Royalston,MA,Massachusetts,320#61#59
16/04/2015 12:55,USD,6,102,16,1686,East Livermore,ME,Maine,321#2#57
16/04/2015 12:55,EUR,19,146,30,1354,Francestown,NH,New Hampshire,322#25#281
16/04/2015 12:55,GBP,13,154,26,1353,Epping,NH,New Hampshire,323#55#122
18/04/2015 10:28,GBP,21,163,28,923,South Lancaster,MA,Massachusetts,324#42#282
18/04/2015 10:28,EUR,15,140,15,993,Lowell,MA,Massachusetts,325#3#216
18/04/2015 12:38,EUR,7,107,26,1894,Steuben,ME,Maine,326#64#92
19/04/2015 14:03,EUR,1,104,10,1598,Kittery Point,ME,Maine,327#35#103
19/04/2015 15:09,USD,19,134,14,1736,Mount Vernon,ME,Maine,328#73#109
19/04/2015 17:00,USD,12,124,16,935,Sutton,MA,Massachusetts,329#72#62
19/04/2015 17:44,EUR,27,82,17,1642,Windham,ME,Maine,330#54#169
19/04/2015 19:52,GBP,4,83,27,1044,Franklin,MA,Massachusetts,331#57#109
19/04/2015 19:52,EUR,25,99,24,881,Littleton,MA,Massachusetts,332#61#146
20/04/2015 9:01,USD,5,149,22,1931,Saint David,ME,Maine,333#69#233
20/04/2015 9:01,EUR,1,153,19,1451,Ashuelot,NH,New Hampshire,334#40#253
20/04/2015 9:01,EUR,2,110,19,729,Carolina,PR,Puerto Rico,335#36#139
20/04/2015 11:17,USD,24,120,15,794,Worthington,MA,Massachusetts,336#41#136
20/04/2015 12:08,EUR,12,157,18,1917,Limestone,ME,Maine,337#24#62
20/04/2015 14:24,USD,20,162,5,1197,Barnstable,MA,Massachusetts,338#68#85
20/04/2015 17:42,GBP,6,127,18,1017,Danvers,MA,Massachusetts,339#49#126
20/04/2015 19:36,USD,5,135,19,1269,Albion,RI,Rhode Island,340#6#117
20/04/2015 19:36,GBP,10,138,12,764,Monson,MA,Massachusetts,341#60#5
21/04/2015 9:22,EUR,21,151,21,783,West Chesterfield,MA,Massachusetts,342#76#1
21/04/2015 16:39,EUR,16,105,16,837,West Stockbridge,MA,Massachusetts,343#69#173
22/04/2015 15:32,GBP,27,109,28,808,Pittsfield,MA,Massachusetts,344#72#149
22/04/2015 15:32,USD,3,116,12,652,Ponce,PR,Puerto Rico,345#73#278
22/04/2015 18:15,USD,23,167,17,681,Juncos,PR,Puerto Rico,346#58#90
22/04/2015 20:44,EUR,15,120,28,1844,Bar Harbor,ME,Maine,347#44#145
23/04/2015 10:57,EUR,15,167,12,1534,Center Ossipee,NH,New Hampshire,348#70#226
23/04/2015 10:57,GBP,17,114,28,1591,Union,NH,New Hampshire,349#7#147
23/04/2015 10:57,GBP,7,115,27,1767,East Orland,ME,Maine,350#54#193
23/04/2015 12:38,USD,9,159,10,777,Southwick,MA,Massachusetts,351#36#291
23/04/2015 12:38,EUR,2,146,10,1342,Smithfield,RI,Rhode Island,352#49#203
23/04/2015 14:16,GBP,5,77,10,1841,Ellsworth,ME,Maine,353#43#100
23/04/2015 14:16,EUR,25,144,13,1522,Piermont,NH,New Hampshire,354#34#93
23/04/2015 14:16,EUR,3,123,19,1251,New Bedford,MA,Massachusetts,355#34#163
23/04/2015 14:40,EUR,9,141,21,1597,Kittery,ME,Maine,356#55#254
23/04/2015 17:10,USD,10,116,23,1925,Oxbow,ME,Maine,357#13#141
24/04/2015 14:48,USD,15,150,30,1320,Warwick,RI,Rhode Island,358#43#52
25/04/2015 10:09,EUR,14,143,10,647,Aibonito,PR,Puerto Rico,359#75#181
25/04/2015 15:57,USD,6,179,18,1108,Braintree,MA,Massachusetts,360#41#112
26/04/2015 16:51,USD,29,139,22,983,Georgetown,MA,Massachusetts,361#33#161
26/04/2015 17:33,GBP,1,179,16,1676,Auburn,ME,Maine,362#15#174
26/04/2015 20:30,EUR,3,123,11,758,Haydenville,MA,Massachusetts,363#52#236
28/04/2015 9:46,USD,10,76,30,1478,Colebrook,NH,New Hampshire,364#76#228
28/04/2015 10:44,EUR,1,124,19,682,Gurabo,PR,Puerto Rico,365#31#132
28/04/2015 11:40,GBP,26,85,16,1999,North Anson,ME,Maine,366#68#196
28/04/2015 11:40,GBP,21,118,29,1665,Yarmouth,ME,Maine,367#35#290
28/04/2015 11:40,GBP,9,74,23,762,Leverett,MA,Massachusetts,368#19#133
28/04/2015 13:28,GBP,10,157,20,1179,Buzzards Bay,MA,Massachusetts,369#43#154
28/04/2015 17:09,GBP,1,128,10,1148,Waltham,MA,Massachusetts,370#14#115
28/04/2015 17:09,EUR,27,64,29,1274,Bristol,RI,Rhode Island,371#3#2
29/04/2015 11:39,USD,23,120,14,1275,Carolina,RI,Rhode Island,372#53#137
29/04/2015 14:59,GBP,10,189,20,1946,Lincolnville,ME,Maine,373#68#48
30/04/2015 10:09,GBP,28,188,28,1058,South Walpole,MA,Massachusetts,374#19#162
30/04/2015 10:09,EUR,6,114,29,941,Worcester,MA,Massachusetts,375#67#134
30/04/2015 10:32,USD,14,180,18,1813,Alna,ME,Maine,376#76#233
30/04/2015 12:01,GBP,15,122,27,787,West Springfield,MA,Massachusetts,377#58#124
30/04/2015 12:01,EUR,12,172,22,1809,Winn,ME,Maine,378#56#236
30/04/2015 13:33,GBP,5,149,17,815,Glendale,MA,Massachusetts,379#49#150
30/04/2015 16:19,EUR,14,113,24,978,Chelmsford,MA,Massachusetts,380#1#65
30/04/2015 17:48,USD,18,157,16,1285,Greene,RI,Rhode Island,381#11#67
30/04/2015 17:48,EUR,21,114,14,1964,Belfast,ME,Maine,382#58#278
30/04/2015 17:48,GBP,7,115,17,667,Puerto Real,PR,Puerto Rico,383#23#93
30/04/2015 19:09,USD,27,89,30,1537,Conway,NH,New Hampshire,384#66#232
30/04/2015 19:21,GBP,15,73,14,1391,Belmont,NH,New Hampshire,385#33#282
30/04/2015 20:10,USD,9,165,19,1467,Rindge,NH,New Hampshire,386#2#275
30/04/2015 20:33,EUR,4,148,29,1914,Frenchville,ME,Maine,387#18#24
01/05/2015 11:19,EUR,16,128,29,1503,Canaan,NH,New Hampshire,388#69#185
01/05/2015 11:19,EUR,25,85,30,1345,Cranston,RI,Rhode Island,389#51#134
01/05/2015 11:19,USD,26,103,29,1579,Rye,NH,New Hampshire,390#30#229
01/05/2015 19:59,EUR,5,148,16,1871,Jonesboro,ME,Maine,391#6#120
01/05/2015 19:59,EUR,11,94,20,1250,New Bedford,MA,Massachusetts,392#14#202
03/05/2015 10:44,USD,2,84,18,1342,Smithfield,RI,Rhode Island,393#65#98
03/05/2015 11:01,EUR,8,149,18,1921,Monticello,ME,Maine,394#20#267
03/05/2015 14:55,USD,24,132,12,1685,East Dixfield,ME,Maine,395#10#10
04/05/2015 18:19,GBP,8,133,19,1568,Newfields,NH,New Hampshire,396#75#165
05/05/2015 11:09,USD,11,113,11,1630,Hollis Center,ME,Maine,397#49#106
05/05/2015 15:08,USD,12,153,15,1772,Greenville Junction,ME,Maine,398#15#117
06/05/2015 17:53,GBP,28,94,14,1503,Canaan,NH,New Hampshire,399#70#287
07/05/2015 16:26,GBP,19,178,20,1900,Whiting,ME,Maine,400#65#272
07/05/2015 16:26,USD,3,127,22,1736,Mount Vernon,ME,Maine,401#29#76
07/05/2015 18:11,GBP,24,96,11,1229,West Harwich,MA,Massachusetts,402#67#168
08/05/2015 11:03,USD,28,83,14,1717,Wayne,ME,Maine,403#5#24
08/05/2015 11:03,USD,6,134,10,1547,Exeter,NH,New Hampshire,404#20#167
08/05/2015 17:45,USD,4,124,11,808,Pittsfield,MA,Massachusetts,405#19#202
08/05/2015 17:45,USD,15,104,24,987,Lawrence,MA,Massachusetts,406#21#95
08/05/2015 18:34,GBP,28,154,24,1472,Westmoreland,NH,New Hampshire,407#49#147
08/05/2015 20:01,GBP,15,146,20,1337,North Providence,RI,Rhode Island,408#46#244
09/05/2015 9:06,EUR,14,93,30,1235,Cuttyhunk,MA,Massachusetts,409#25#60
10/05/2015 18:34,USD,25,148,10,1588,Strafford,NH,New Hampshire,410#6#117
10/05/2015 19:34,EUR,12,69,20,1486,Sugar Hill,NH,New Hampshire,411#8#254
10/05/2015 20:04,USD,20,165,28,1501,North Walpole,NH,New Hampshire,412#12#237
11/05/2015 10:39,EUR,9,73,26,720,Catano,PR,Puerto Rico,413#23#90
11/05/2015 10:39,GBP,29,97,16,668,Punta Santiago,PR,Puerto Rico,414#37#167
11/05/2015 10:39,GBP,1,110,18,756,Hardwick,MA,Massachusetts,415#44#262
11/05/2015 15:01,EUR,3,165,24,601,Adjuntas,PR,Puerto Rico,416#28#152
11/05/2015 15:01,EUR,9,122,15,908,Millbury,MA,Massachusetts,417#12#215
11/05/2015 18:16,GBP,7,193,19,892,Berlin,MA,Massachusetts,418#63#26
11/05/2015 18:16,GBP,14,108,19,789,Whately,MA,Massachusetts,419#47#284
11/05/2015 19:18,GBP,5,131,19,666,Cidra,PR,Puerto Rico,420#21#109
11/05/2015 19:18,EUR,4,146,10,1167,Wellesley,MA,Massachusetts,421#24#28
11/05/2015 19:18,GBP,8,123,16,1278,Clayville,RI,Rhode Island,422#59#265
12/05/2015 20:47,EUR,28,120,23,945,Cherry Valley,MA,Massachusetts,423#40#94
12/05/2015 20:47,GBP,25,119,14,782,Warren,MA,Massachusetts,424#71#41
12/05/2015 20:50,USD,8,87,14,1907,Bridgewater,ME,Maine,425#65#32
13/05/2015 10:22,GBP,17,121,10,1618,Cumberland Center,ME,Maine,426#75#134
13/05/2015 10:22,USD,2,114,21,1470,Troy,NH,New Hampshire,427#5#125
13/05/2015 11:49,GBP,26,115,24,1318,Warren,RI,Rhode Island,428#8#164
14/05/2015 11:17,USD,8,156,10,1790,Old Town,ME,Maine,429#37#188
15/05/2015 14:52,USD,20,103,17,914,North Grafton,MA,Massachusetts,430#48#37
15/05/2015 14:52,GBP,17,97,12,1276,Charlestown,RI,Rhode Island,431#67#43
17/05/2015 19:34,GBP,21,118,10,1696,Livermore,ME,Maine,432#68#18
19/05/2015 12:26,USD,14,105,10,1878,Meddybemps,ME,Maine,433#58#54
19/05/2015 12:26,GBP,3,126,11,1044,Franklin,MA,Massachusetts,434#1#135
19/05/2015 15:38,USD,19,149,27,847,Conway,MA,Massachusetts,435#30#218
19/05/2015 15:38,USD,16,103,27,1408,Hebron,NH,New Hampshire,436#77#110
19/05/2015 15:58,EUR,29,143,30,681,Juncos,PR,Puerto Rico,437#60#45
20/05/2015 15:39,EUR,24,142,29,1096,Malden,MA,Massachusetts,438#4#80
20/05/2015 17:40,USD,1,15,18,1749,Bradford,ME,Maine,439#24#239
21/05/2015 10:50,GBP,2,105,30,889,West Townsend,MA,Massachusetts,440#55#63
21/05/2015 10:52,EUR,22,141,13,1519,Newport,NH,New Hampshire,441#62#263
21/05/2015 10:52,EUR,26,128,27,1801,Shirley Mills,ME,Maine,442#41#192
21/05/2015 11:35,USD,23,137,22,623,Hatillo,PR,Puerto Rico,443#24#257
21/05/2015 11:35,USD,21,130,24,681,Juncos,PR,Puerto Rico,444#67#204
21/05/2015 11:35,EUR,9,113,17,1420,New London,NH,New Hampshire,445#49#110
21/05/2015 12:27,USD,12,100,25,1941,Westfield,ME,Maine,446#30#4
21/05/2015 13:00,EUR,18,134,17,1043,Foxboro,MA,Massachusetts,447#14#238
21/05/2015 13:00,GBP,21,96,10,672,Santa Isabel,PR,Puerto Rico,448#44#187
21/05/2015 13:07,USD,15,160,15,717,Bayamon,PR,Puerto Rico,449#39#185
22/05/2015 9:03,USD,9,148,29,925,Sterling,MA,Massachusetts,450#62#33
22/05/2015 9:03,EUR,3,98,30,709,San Juan,PR,Puerto Rico,451#42#206
24/05/2015 9:47,EUR,21,175,14,1097,Everett,MA,Massachusetts,452#19#120
24/05/2015 9:47,USD,18,99,20,1989,Jackman,ME,Maine,453#30#206
24/05/2015 12:58,USD,17,158,19,1114,Boston,MA,Massachusetts,454#24#236
24/05/2015 20:48,GBP,23,149,12,1706,North Monmouth,ME,Maine,455#49#74
24/05/2015 20:48,EUR,8,161,17,1889,Seal Cove,ME,Maine,456#53#137
24/05/2015 20:48,USD,17,152,27,980,Dunstable,MA,Massachusetts,457#41#156
25/05/2015 12:34,EUR,29,141,13,1098,Chelsea,MA,Massachusetts,458#69#112
25/05/2015 13:56,GBP,7,136,15,1751,Brewer,ME,Maine,459#34#14
25/05/2015 13:56,EUR,16,97,12,1585,Somersworth,NH,New Hampshire,460#32#144
25/05/2015 13:56,USD,28,85,16,890,Winchendon,MA,Massachusetts,461#59#142
25/05/2015 13:56,GBP,10,114,22,721,Guaynabo,PR,Puerto Rico,462#15#272
25/05/2015 16:49,GBP,20,93,19,793,Woronoco,MA,Massachusetts,463#16#120
25/05/2015 16:49,USD,26,161,10,1269,Albion,RI,Rhode Island,464#4#248
25/05/2015 16:49,GBP,25,177,26,1957,Union,ME,Maine,465#56#106
25/05/2015 16:50,EUR,2,135,26,1435,Warren,NH,New Hampshire,466#22#2
25/05/2015 16:50,EUR,1,127,21,1931,Saint David,ME,Maine,467#36#234
25/05/2015 16:50,GBP,20,106,28,1041,Dover,MA,Massachusetts,468#27#290
25/05/2015 16:50,USD,18,94,20,1284,Glendale,RI,Rhode Island,469#1#76
25/05/2015 20:27,GBP,18,163,15,1609,Biddeford Pool,ME,Maine,470#21#60
26/05/2015 11:40,EUR,8,138,20,853,Millers Falls,MA,Massachusetts,471#66#80
26/05/2015 11:40,USD,29,155,10,724,Guaynabo,PR,Puerto Rico,472#65#77
26/05/2015 11:40,EUR,24,145,16,1185,Onset,MA,Massachusetts,473#8#145
26/05/2015 14:15,USD,16,74,20,1100,Winthrop,MA,Massachusetts,474#64#134
26/05/2015 17:03,GBP,5,136,20,926,Sturbridge,MA,Massachusetts,475#32#126
26/05/2015 20:48,USD,12,134,17,1184,Oak Bluffs,MA,Massachusetts,476#54#260
26/05/2015 20:48,GBP,16,158,13,1677,Andover,ME,Maine,477#9#153
27/05/2015 13:10,EUR,2,10,5,1084,West Roxbury,MA,Massachusetts,478#57#31
27/05/2015 13:10,USD,22,87,11,1895,Stonington,ME,Maine,479#31#270
27/05/2015 13:10,GBP,6,102,13,654,Naranjito,PR,Puerto Rico,480#69#177
27/05/2015 13:22,EUR,21,154,29,1040,Dedham,MA,Massachusetts,481#40#201
27/05/2015 15:21,EUR,21,150,14,1400,Danbury,NH,New Hampshire,482#55#202
27/05/2015 15:21,USD,29,77,17,1361,Hudson,NH,New Hampshire,483#70#187
27/05/2015 17:00,EUR,22,149,21,1355,Fremont,NH,New Hampshire,484#15#41
27/05/2015 17:00,GBP,21,124,15,782,Warren,MA,Massachusetts,485#63#214
28/05/2015 9:17,GBP,13,111,17,1509,Georges Mills,NH,New Hampshire,486#40#177
28/05/2015 11:01,GBP,9,110,30,1049,Marshfield,MA,Massachusetts,487#28#73
28/05/2015 11:14,GBP,1,88,16,710,Toa Baja,PR,Puerto Rico,488#14#69
28/05/2015 11:14,GBP,20,105,10,722,Guaynabo,PR,Puerto Rico,489#36#207
28/05/2015 11:49,GBP,15,101,17,1353,Epping,NH,New Hampshire,490#8#136
28/05/2015 13:52,GBP,26,118,14,1016,Byfield,MA,Massachusetts,491#77#206
28/05/2015 13:52,GBP,15,181,19,1263,Seekonk,MA,Massachusetts,492#77#255
28/05/2015 14:32,GBP,9,134,11,1303,Pawtucket,RI,Rhode Island,493#63#285
28/05/2015 15:58,GBP,18,143,24,1111,East Weymouth,MA,Massachusetts,494#9#44
28/05/2015 18:21,EUR,5,120,18,753,Granville,MA,Massachusetts,495#48#21
28/05/2015 18:21,EUR,9,81,27,1976,Detroit,ME,Maine,496#3#272
28/05/2015 18:21,USD,8,110,27,1090,Cambridge,MA,Massachusetts,497#38#179
28/05/2015 18:52,GBP,29,138,3,1376,Lyndeborough,NH,New Hampshire,498#69#164
28/05/2015 20:24,EUR,4,87,23,729,Carolina,PR,Puerto Rico,499#29#119
28/05/2015 20:26,GBP,16,167,12,1516,Lyme,NH,New Hampshire,500#46#175
29/05/2015 16:21,GBP,6,118,21,1249,Acushnet,MA,Massachusetts,501#76#10
29/05/2015 16:21,EUR,28,151,10,1471,West Chesterfield,NH,New Hampshire,502#71#106
29/05/2015 16:21,EUR,21,63,12,1169,Weston,MA,Massachusetts,503#66#77
29/05/2015 19:55,EUR,3,110,21,1432,Suncook,NH,New Hampshire,504#36#11
30/05/2015 13:37,EUR,28,142,19,1781,Lee,ME,Maine,505#40#265
31/05/2015 9:17,GBP,6,144,13,833,Southfield,MA,Massachusetts,506#43#172
31/05/2015 9:17,USD,9,159,29,1257,Attleboro Falls,MA,Massachusetts,507#25#85
31/05/2015 9:17,EUR,15,83,19,782,Warren,MA,Massachusetts,508#5#268
31/05/2015 12:02,USD,9,157,23,694,San Juan,PR,Puerto Rico,509#13#93
31/05/2015 12:02,USD,28,129,24,1495,Alstead,NH,New Hampshire,510#63#279
31/05/2015 13:22,EUR,28,76,28,1689,Greene,ME,Maine,511#19#288
31/05/2015 14:34,GBP,11,144,25,1753,Brownville,ME,Maine,512#5#204
31/05/2015 14:34,GBP,11,131,27,1942,Rockland,ME,Maine,513#55#216
31/05/2015 15:09,EUR,10,172,29,1991,Liberty,ME,Maine,514#17#81
31/05/2015 15:09,USD,12,108,28,818,Housatonic,MA,Massachusetts,515#8#271
31/05/2015 15:24,USD,21,148,21,1715,South Paris,ME,Maine,516#74#111
31/05/2015 15:24,GBP,23,92,11,1005,Winchester,MA,Massachusetts,517#45#13
31/05/2015 15:24,GBP,13,156,10,772,Russell,MA,Massachusetts,518#17#22
31/05/2015 18:02,USD,14,97,29,873,Devens,MA,Massachusetts,519#20#42
31/05/2015 18:02,GBP,28,131,27,797,Springfield,MA,Massachusetts,520#46#273
31/05/2015 18:02,GBP,16,154,30,645,Aguas Buenas,PR,Puerto Rico,521#19#279
01/06/2015 9:05,GBP,14,129,15,964,Maynard,MA,Massachusetts,522#58#58
01/06/2015 9:05,EUR,3,134,10,1671,South Portland,ME,Maine,523#76#66
01/06/2015 13:59,EUR,22,139,29,815,Glendale,MA,Massachusetts,524#47#225
01/06/2015 15:49,USD,21,120,24,1545,East Wakefield,NH,New Hampshire,525#59#199
01/06/2015 15:49,USD,28,188,16,1494,Acworth,NH,New Hampshire,526#77#153
01/06/2015 19:30,EUR,18,162,15,1062,Wrentham,MA,Massachusetts,527#60#3
04/06/2015 19:16,EUR,7,91,11,1361,Hudson,NH,New Hampshire,528#46#166
05/06/2015 17:52,GBP,24,152,25,1694,Lisbon,ME,Maine,529#58#87
05/06/2015 18:05,EUR,12,152,17,1225,Wellfleet,MA,Massachusetts,530#8#39
05/06/2015 18:05,EUR,3,158,24,1030,Rockport,MA,Massachusetts,531#41#222
07/06/2015 9:59,USD,8,166,27,904,Jefferson,MA,Massachusetts,532#72#249
08/06/2015 10:28,GBP,9,172,16,1886,Prospect Harbor,ME,Maine,533#26#109
08/06/2015 18:33,EUR,24,192,21,1061,Westwood,MA,Massachusetts,534#72#73
09/06/2015 10:30,USD,5,147,30,1596,Eliot,ME,Maine,535#77#141
09/06/2015 16:21,USD,8,123,19,1719,West Bethel,ME,Maine,536#51#109
10/06/2015 10:40,USD,1,133,28,1814,Boothbay,ME,Maine,537#4#44
10/06/2015 16:39,EUR,8,180,21,879,Hubbardston,MA,Massachusetts,538#49#289
10/06/2015 17:17,USD,1,83,15,1614,Casco,ME,Maine,539#52#246
10/06/2015 20:53,GBP,12,81,25,1162,Watertown,MA,Massachusetts,540#41#273
11/06/2015 10:18,EUR,28,191,28,1810,Winterport,ME,Maine,541#15#95
11/06/2015 15:25,EUR,6,126,26,638,Morovis,PR,Puerto Rico,542#38#52
11/06/2015 17:39,USD,28,128,19,1827,Pemaquid,ME,Maine,543#48#190
11/06/2015 17:39,EUR,11,94,28,759,Holyoke,MA,Massachusetts,544#19#173
11/06/2015 17:39,GBP,28,100,30,1499,South Acworth,NH,New Hampshire,545#42#66
12/06/2015 16:51,USD,19,106,11,832,South Egremont,MA,Massachusetts,546#77#4
12/06/2015 16:51,EUR,18,151,27,1471,West Chesterfield,NH,New Hampshire,547#75#201
12/06/2015 20:54,USD,13,181,23,1188,Sagamore Beach,MA,Massachusetts,548#41#107
14/06/2015 19:26,EUR,23,125,25,1342,Smithfield,RI,Rhode Island,549#12#36
14/06/2015 20:02,EUR,13,90,18,1289,Hope Valley,RI,Rhode Island,550#16#60
15/06/2015 15:06,USD,11,147,23,1731,Hallowell,ME,Maine,551#38#267
16/06/2015 11:33,USD,1,136,28,1486,Sugar Hill,NH,New Hampshire,552#28#123
16/06/2015 15:33,EUR,28,155,16,1153,Newton Center,MA,Massachusetts,553#75#204
16/06/2015 16:04,GBP,3,188,10,1191,Vineyard Haven,MA,Massachusetts,554#10#157
17/06/2015 10:57,EUR,22,118,24,1665,Yarmouth,ME,Maine,555#72#148
17/06/2015 10:57,GBP,1,150,22,724,Guaynabo,PR,Puerto Rico,556#77#214
17/06/2015 13:49,USD,19,165,17,1441,Wilmot,NH,New Hampshire,557#9#73
17/06/2015 13:49,USD,3,121,15,1096,Malden,MA,Massachusetts,558#71#30
17/06/2015 14:04,USD,3,142,23,1477,Bretton Woods,NH,New Hampshire,559#51#248
17/06/2015 17:44,GBP,27,10,6,697,San Juan,PR,Puerto Rico,560#66#197
17/06/2015 17:44,GBP,27,20,4,1766,East Millinocket,ME,Maine,561#38#158
18/06/2015 9:23,USD,5,149,22,762,Leverett,MA,Massachusetts,562#18#196
18/06/2015 9:23,EUR,1,87,22,721,Guaynabo,PR,Puerto Rico,563#45#262
18/06/2015 9:43,EUR,9,154,5,1556,Hampton Falls,NH,New Hampshire,564#65#259
18/06/2015 9:43,EUR,1,92,11,1033,South Hamilton,MA,Massachusetts,565#14#137
18/06/2015 9:43,EUR,11,149,11,1944,Hope,ME,Maine,566#50#170
18/06/2015 20:13,EUR,17,144,24,1042,East Walpole,MA,Massachusetts,567#18#76
18/06/2015 20:13,USD,8,131,14,1898,Swans Island,ME,Maine,568#6#172
19/06/2015 9:20,USD,19,113,19,642,Vega Baja,PR,Puerto Rico,569#12#269
19/06/2015 9:20,EUR,1,130,21,870,Ashburnham,MA,Massachusetts,570#67#235
21/06/2015 9:07,EUR,15,85,14,1976,Detroit,ME,Maine,571#58#256
21/06/2015 9:07,EUR,9,123,10,1587,South Tamworth,NH,New Hampshire,572#5#69
21/06/2015 14:44,GBP,2,110,24,1899,Wesley,ME,Maine,573#56#251
21/06/2015 14:44,EUR,28,123,26,1444,Woodstock,NH,New Hampshire,574#72#57
22/06/2015 10:39,EUR,24,163,17,1767,East Orland,ME,Maine,575#27#86
22/06/2015 14:55,EUR,18,112,12,1360,Hollis,NH,New Hampshire,576#5#286
23/06/2015 9:27,GBP,1,123,18,1485,Lisbon,NH,New Hampshire,577#43#249
23/06/2015 9:27,USD,22,85,18,1358,Greenfield,NH,New Hampshire,578#6#100
23/06/2015 18:52,EUR,9,114,30,1338,Providence,RI,Rhode Island,579#65#133
23/06/2015 18:52,GBP,10,138,30,1511,Grantham,NH,New Hampshire,580#51#174
24/06/2015 12:05,USD,12,101,14,784,Westfield,MA,Massachusetts,581#26#97
24/06/2015 12:30,USD,23,124,22,1214,North Chatham,MA,Massachusetts,582#15#76
24/06/2015 13:15,EUR,25,98,19,713,Sabana Seca,PR,Puerto Rico,583#45#203
24/06/2015 16:23,USD,18,106,24,1516,Lyme,NH,New Hampshire,584#5#36
24/06/2015 18:12,EUR,26,90,26,1788,Milo,ME,Maine,585#20#264
25/06/2015 9:14,GBP,18,150,20,1651,Scarborough,ME,Maine,586#28#27
25/06/2015 9:39,USD,24,144,10,932,West Boylston,MA,Massachusetts,587#52#87
25/06/2015 9:43,GBP,19,173,20,1747,Abbot,ME,Maine,588#34#157
25/06/2015 9:43,GBP,23,128,28,1848,Blue Hill,ME,Maine,589#64#257
25/06/2015 12:16,GBP,23,114,24,1959,Warren,ME,Maine,590#8#115
26/06/2015 16:47,GBP,16,172,29,1310,Rockville,RI,Rhode Island,591#67#278
26/06/2015 16:47,USD,10,142,19,1338,Providence,RI,Rhode Island,592#16#210
26/06/2015 16:47,EUR,20,119,20,1345,Cranston,RI,Rhode Island,593#2#258
27/06/2015 9:16,EUR,19,106,17,1720,Bowdoin,ME,Maine,594#54#179
27/06/2015 18:17,EUR,18,187,28,1390,Barnstead,NH,New Hampshire,595#69#228
27/06/2015 18:17,GBP,16,142,28,1161,Waban,MA,Massachusetts,596#20#242
28/06/2015 10:28,EUR,20,121,22,867,Warwick,MA,Massachusetts,597#36#105
28/06/2015 13:25,USD,24,166,11,1086,Brighton,MA,Massachusetts,598#55#233
28/06/2015 18:30,EUR,17,101,29,1509,Georges Mills,NH,New Hampshire,599#41#154
28/06/2015 18:30,GBP,18,140,23,991,Lowell,MA,Massachusetts,600#66#1
28/06/2015 18:30,GBP,23,175,18,684,Comerio,PR,Puerto Rico,601#45#72
28/06/2015 18:30,EUR,1,122,11,1021,Ipswich,MA,Massachusetts,602#50#161
28/06/2015 19:19,USD,8,134,29,1272,Block Island,RI,Rhode Island,603#28#62
28/06/2015 19:19,USD,26,175,29,924,Spencer,MA,Massachusetts,604#2#264
28/06/2015 20:12,USD,12,176,19,1100,Winthrop,MA,Massachusetts,605#56#136
28/06/2015 20:12,GBP,13,154,17,1337,North Providence,RI,Rhode Island,606#43#168
28/06/2015 20:12,USD,18,132,29,1062,Wrentham,MA,Massachusetts,607#25#21
29/06/2015 9:09,GBP,13,85,3,1544,East Kingston,NH,New Hampshire,608#52#139
29/06/2015 9:09,EUR,9,131,14,1325,Wood River Junction,RI,Rhode Island,609#6#270
29/06/2015 9:09,GBP,11,140,19,1830,Round Pond,ME,Maine,610#42#57
29/06/2015 9:09,EUR,14,132,10,848,Deerfield,MA,Massachusetts,611#48#202
29/06/2015 9:28,EUR,20,95,19,1386,Bedford,NH,New Hampshire,612#67#281
29/06/2015 9:28,USD,28,112,29,777,Southwick,MA,Massachusetts,613#45#91
29/06/2015 11:54,EUR,22,125,21,1262,Rochester,MA,Massachusetts,614#15#99
29/06/2015 14:03,USD,9,102,25,1075,Dorchester,MA,Massachusetts,615#19#88
29/06/2015 14:03,GBP,13,173,28,1662,Westbrook,ME,Maine,616#48#251
29/06/2015 15:03,EUR,10,158,17,1711,Poland,ME,Maine,617#32#177
29/06/2015 15:03,EUR,1,160,25,1287,Harrisville,RI,Rhode Island,618#23#69
29/06/2015 15:03,EUR,24,157,18,922,South Grafton,MA,Massachusetts,619#37#31
30/06/2015 12:13,USD,21,181,23,1928,Portage,ME,Maine,620#64#290
30/06/2015 12:13,GBP,28,184,28,1811,Wytopitlock,ME,Maine,621#21#290
30/06/2015 12:53,USD,29,127,30,1399,Contoocook,NH,New Hampshire,622#36#253
30/06/2015 13:32,USD,18,177,14,1927,Perham,ME,Maine,623#34#114
30/06/2015 15:16,GBP,13,138,12,1434,Warner,NH,New Hampshire,624#15#255
30/06/2015 15:27,EUR,12,175,3,1637,Lovell,ME,Maine,625#24#271
30/06/2015 15:27,EUR,8,189,20,1439,Springfield,NH,New Hampshire,626#52#201
30/06/2015 15:27,GBP,13,136,29,1404,Franklin,NH,New Hampshire,627#50#230
30/06/2015 17:52,USD,23,95,22,1929,Presque Isle,ME,Maine,628#47#228
30/06/2015 18:00,GBP,8,160,11,1750,Bradley,ME,Maine,629#63#253
30/06/2015 18:00,USD,20,78,13,1530,Alton Bay,NH,New Hampshire,630#77#82
30/06/2015 20:47,GBP,9,84,14,1109,Milton,MA,Massachusetts,631#2#104
02/07/2015 11:07,USD,26,164,29,1925,Oxbow,ME,Maine,632#49#93
02/07/2015 11:07,USD,6,95,27,1385,Manchester,NH,New Hampshire,633#17#39
02/07/2015 11:07,USD,29,176,28,1944,Hope,ME,Maine,634#29#132
02/07/2015 11:07,EUR,5,88,24,971,Stow,MA,Massachusetts,635#4#193
03/07/2015 16:59,GBP,10,174,30,993,Lowell,MA,Massachusetts,636#60#206
03/07/2015 16:59,USD,8,166,13,1783,Lincoln,ME,Maine,637#70#256
05/07/2015 7:36,GBP,22,151,22,1808,West Enfield,ME,Maine,638#31#160
05/07/2015 8:40,GBP,16,83,27,1045,Hingham,MA,Massachusetts,639#74#147
05/07/2015 8:40,GBP,17,147,24,657,Caguas,PR,Puerto Rico,640#67#144
05/07/2015 8:40,EUR,12,110,19,1260,Raynham,MA,Massachusetts,641#36#107
05/07/2015 19:15,USD,7,107,28,1140,Rockland,MA,Massachusetts,642#64#260
05/07/2015 19:15,GBP,17,124,25,1527,Woodsville,NH,New Hampshire,643#68#222
06/07/2015 4:23,GBP,4,131,29,1567,New Durham,NH,New Hampshire,644#69#268
06/07/2015 5:22,USD,9,187,24,1765,Holden,ME,Maine,645#74#186
06/07/2015 13:39,USD,27,160,20,775,South Barre,MA,Massachusetts,646#54#64
06/07/2015 13:39,USD,4,124,27,1567,New Durham,NH,New Hampshire,647#23#93
07/07/2015 0:24,EUR,16,85,18,919,Rutland,MA,Massachusetts,648#57#97
07/07/2015 0:24,EUR,9,78,21,1727,East Winthrop,ME,Maine,649#57#145
07/07/2015 11:57,EUR,6,127,30,1701,Minot,ME,Maine,650#2#77
07/07/2015 11:57,EUR,25,182,10,1795,Orrington,ME,Maine,651#75#139
07/07/2015 11:57,EUR,24,150,20,1681,Canton,ME,Maine,652#55#206
08/07/2015 8:40,GBP,25,80,22,875,East Templeton,MA,Massachusetts,653#6#80
09/07/2015 13:03,USD,20,123,13,1796,Passadumkeag,ME,Maine,654#39#198
09/07/2015 16:18,GBP,22,81,13,1661,West Baldwin,ME,Maine,655#76#161
09/07/2015 16:18,EUR,8,113,22,1713,Rumford,ME,Maine,656#51#101
09/07/2015 16:18,EUR,8,106,24,1901,Winter Harbor,ME,Maine,657#51#119
10/07/2015 0:43,USD,29,120,20,1781,Lee,ME,Maine,658#7#279
10/07/2015 17:30,EUR,5,162,25,1522,Piermont,NH,New Hampshire,659#6#222
10/07/2015 17:30,EUR,21,85,12,749,Feeding Hills,MA,Massachusetts,660#68#101
11/07/2015 9:01,GBP,7,131,23,843,Bernardston,MA,Massachusetts,661#54#45
12/07/2015 3:41,EUR,11,156,15,754,Hadley,MA,Massachusetts,662#51#132
12/07/2015 3:41,USD,27,92,19,1374,Raymond,NH,New Hampshire,663#51#6
12/07/2015 11:23,USD,17,139,25,1965,Belgrade,ME,Maine,664#59#288
12/07/2015 11:23,GBP,24,155,21,1498,Lempster,NH,New Hampshire,665#71#42
13/07/2015 7:47,GBP,17,20,8,615,Ciales,PR,Puerto Rico,666#71#38
13/07/2015 8:17,EUR,24,104,11,793,Woronoco,MA,Massachusetts,667#65#10
13/07/2015 13:49,GBP,24,112,27,1355,Fremont,NH,New Hampshire,668#48#242
14/07/2015 5:19,EUR,15,82,28,1996,New Sharon,ME,Maine,669#24#138
14/07/2015 5:19,EUR,19,174,25,1081,Charlestown,MA,Massachusetts,670#58#120
14/07/2015 6:23,GBP,21,161,15,1230,West Hyannisport,MA,Massachusetts,671#35#111
14/07/2015 9:37,EUR,15,119,28,726,Trujillo Alto,PR,Puerto Rico,672#59#32
14/07/2015 9:37,USD,16,99,29,969,Southborough,MA,Massachusetts,673#38#20
14/07/2015 9:37,USD,20,158,24,805,Springfield,MA,Massachusetts,674#12#4
14/07/2015 15:26,USD,29,130,12,826,North Adams,MA,Massachusetts,675#1#146
14/07/2015 15:26,GBP,21,194,10,691,San Juan,PR,Puerto Rico,676#30#86
14/07/2015 15:26,EUR,14,156,15,632,Rincon,PR,Puerto Rico,677#52#22
14/07/2015 15:26,USD,26,72,20,1392,Bradford,NH,New Hampshire,678#75#93
15/07/2015 6:09,USD,20,155,13,1698,Greenwood,ME,Maine,679#26#121
15/07/2015 8:23,EUR,13,124,26,1196,Hyannis,MA,Massachusetts,680#28#24
15/07/2015 12:52,USD,12,96,28,725,Guaynabo,PR,Puerto Rico,681#68#236
15/07/2015 12:52,USD,15,156,22,1414,Gilford,NH,New Hampshire,682#71#87
15/07/2015 12:52,USD,3,79,19,1272,Block Island,RI,Rhode Island,683#50#38
15/07/2015 17:24,EUR,15,170,13,1497,Drewsville,NH,New Hampshire,684#25#33
16/07/2015 15:02,EUR,9,88,11,1450,Antrim,NH,New Hampshire,685#42#242
18/07/2015 3:30,USD,18,150,25,774,Southampton,MA,Massachusetts,686#12#129
18/07/2015 14:03,USD,25,114,17,918,Rochdale,MA,Massachusetts,687#26#207
18/07/2015 14:03,EUR,11,170,29,847,Conway,MA,Massachusetts,688#13#144
19/07/2015 15:39,EUR,16,175,20,1785,Medway,ME,Maine,689#48#170
19/07/2015 15:39,USD,18,154,13,1135,Plymouth,MA,Massachusetts,690#45#78
19/07/2015 16:35,GBP,6,172,27,1764,Eddington,ME,Maine,691#41#250
19/07/2015 17:20,GBP,1,77,17,1988,Hinckley,ME,Maine,692#18#102
19/07/2015 17:20,GBP,14,120,14,804,Springfield,MA,Massachusetts,693#67#238
20/07/2015 0:16,USD,20,120,22,1651,Scarborough,ME,Maine,694#17#145
20/07/2015 0:16,EUR,4,186,24,1038,Canton,MA,Massachusetts,695#67#6
21/07/2015 3:54,EUR,20,167,20,1934,Stacyville,ME,Maine,696#21#272
21/07/2015 5:54,USD,2,102,24,930,Dudley,MA,Massachusetts,697#58#95
24/07/2015 6:45,GBP,27,93,20,721,Guaynabo,PR,Puerto Rico,698#10#7
25/07/2015 4:43,USD,9,93,25,1833,Trevett,ME,Maine,699#66#110
25/07/2015 4:43,EUR,1,183,23,1539,Dover,NH,New Hampshire,700#58#80
25/07/2015 4:43,GBP,14,181,24,1562,Melvin Village,NH,New Hampshire,701#66#120
25/07/2015 6:09,GBP,15,122,28,791,Wilbraham,MA,Massachusetts,702#40#260
27/07/2015 5:47,USD,21,136,19,1659,Waterford,ME,Maine,703#29#74
27/07/2015 5:47,USD,16,158,28,1806,Vanceboro,ME,Maine,704#75#217
27/07/2015 5:47,GBP,20,98,26,1409,Henniker,NH,New Hampshire,705#6#9
28/07/2015 4:21,USD,20,138,19,1736,Mount Vernon,ME,Maine,706#2#277
28/07/2015 4:21,EUR,13,180,25,1864,Grand Lake Stream,ME,Maine,707#1#13
28/07/2015 4:21,EUR,2,146,24,969,Southborough,MA,Massachusetts,708#25#106
28/07/2015 7:51,GBP,26,115,18,1056,Scituate,MA,Massachusetts,709#28#175
28/07/2015 7:51,USD,12,90,22,1370,Nashua,NH,New Hampshire,710#51#273
28/07/2015 13:07,USD,1,150,24,635,Mayaguez,PR,Puerto Rico,711#36#114
29/07/2015 0:01,GBP,7,171,30,645,Aguas Buenas,PR,Puerto Rico,712#18#150
29/07/2015 0:01,GBP,4,151,13,1507,Enfield,NH,New Hampshire,713#31#80
31/07/2015 5:12,EUR,17,117,30,1766,East Millinocket,ME,Maine,714#18#234
31/07/2015 5:12,EUR,28,152,22,960,Hopedale,MA,Massachusetts,715#74#41
31/07/2015 17:54,USD,8,173,21,635,Mayaguez,PR,Puerto Rico,716#21#17
31/07/2015 19:08,USD,2,177,21,1804,Stillwater,ME,Maine,717#50#239
01/08/2015 4:07,GBP,3,124,28,1409,Henniker,NH,New Hampshire,718#14#280
01/08/2015 8:23,EUR,24,84,13,690,Juana Diaz,PR,Puerto Rico,719#28#31
01/08/2015 14:28,USD,3,135,21,728,Carolina,PR,Puerto Rico,720#52#154
01/08/2015 14:28,GBP,28,99,11,1628,Harrison,ME,Maine,721#69#286
02/08/2015 2:46,EUR,4,131,28,707,San Juan,PR,Puerto Rico,722#76#60
02/08/2015 2:46,GBP,28,129,14,1151,Babson Park,MA,Massachusetts,723#47#234
02/08/2015 2:46,GBP,27,146,18,1502,Bath,NH,New Hampshire,724#74#29
02/08/2015 16:54,EUR,13,149,30,1048,Mansfield,MA,Massachusetts,725#24#60
03/08/2015 2:05,GBP,13,149,14,1119,Brockton,MA,Massachusetts,726#15#257
03/08/2015 2:05,USD,29,112,16,1124,East Bridgewater,MA,Massachusetts,727#46#76
03/08/2015 2:05,GBP,7,136,20,1782,Levant,ME,Maine,728#9#119
03/08/2015 2:05,EUR,28,127,25,1967,Bingham,ME,Maine,729#77#190
03/08/2015 2:05,EUR,1,147,21,1230,West Hyannisport,MA,Massachusetts,730#19#33
03/08/2015 8:18,USD,27,168,10,1010,Saugus,MA,Massachusetts,731#68#195
03/08/2015 13:01,USD,26,135,15,1226,West Barnstable,MA,Massachusetts,732#11#27
03/08/2015 13:01,EUR,5,117,17,1107,Stoneham,MA,Massachusetts,733#51#83
03/08/2015 13:01,GBP,5,78,22,1874,Lubec,ME,Maine,734#70#94
03/08/2015 17:20,USD,1,159,22,1901,Winter Harbor,ME,Maine,735#38#87
05/08/2015 1:31,GBP,28,9,6,648,Maunabo,PR,Puerto Rico,736#31#95
05/08/2015 1:31,USD,2,139,20,1095,Somerville,MA,Massachusetts,737#45#228
05/08/2015 1:31,USD,29,95,18,1789,Monson,ME,Maine,738#27#178
05/08/2015 11:52,GBP,28,117,20,1286,Greenville,RI,Rhode Island,739#8#250
05/08/2015 11:52,EUR,16,99,15,1469,Stoddard,NH,New Hampshire,740#4#185
06/08/2015 3:42,EUR,10,174,26,1510,Goshen,NH,New Hampshire,741#7#232
06/08/2015 3:42,GBP,8,137,16,1172,Cataumet,MA,Massachusetts,742#61#148
06/08/2015 5:38,GBP,9,129,27,1117,Boston,MA,Massachusetts,743#44#282
06/08/2015 13:47,GBP,3,175,28,1757,Greenbush,ME,Maine,744#20#3
08/08/2015 1:45,USD,10,160,25,792,Williamsburg,MA,Massachusetts,745#15#87
08/08/2015 4:48,USD,17,132,21,1023,Manchester,MA,Massachusetts,746#59#196
08/08/2015 8:16,USD,13,114,17,1644,Old Orchard Beach,ME,Maine,747#6#168
08/08/2015 17:58,EUR,6,112,14,976,Andover,MA,Massachusetts,748#66#255
09/08/2015 5:32,GBP,5,137,11,882,Lunenburg,MA,Massachusetts,749#50#71
09/08/2015 17:21,GBP,14,143,15,722,Guaynabo,PR,Puerto Rico,750#13#177
09/08/2015 17:21,GBP,18,170,24,665,Fajardo,PR,Puerto Rico,751#33#164
09/08/2015 17:21,EUR,11,186,14,852,Lake Pleasant,MA,Massachusetts,752#73#35
10/08/2015 13:46,GBP,13,139,10,1164,Arlington,MA,Massachusetts,753#47#286
11/08/2015 6:15,USD,13,136,29,933,West Brookfield,MA,Massachusetts,754#56#74
11/08/2015 17:36,EUR,10,132,26,1228,West Dennis,MA,Massachusetts,755#68#199
11/08/2015 19:16,USD,3,122,24,1594,Berwick,ME,Maine,756#41#89
12/08/2015 10:43,GBP,13,150,25,1943,Camden,ME,Maine,757#1#189
13/08/2015 0:49,USD,5,130,15,661,Ponce,PR,Puerto Rico,758#75#86
13/08/2015 0:49,EUR,22,154,11,1420,New London,NH,New Hampshire,759#51#236
13/08/2015 13:18,USD,1,114,30,1465,Nelson,NH,New Hampshire,760#57#169
13/08/2015 13:18,EUR,23,103,26,1377,Temple,NH,New Hampshire,761#29#243
13/08/2015 13:18,USD,5,63,13,656,Patillas,PR,Puerto Rico,762#71#74
13/08/2015 15:48,GBP,16,96,21,1754,Brownville Junction,ME,Maine,763#67#267
13/08/2015 19:38,GBP,11,98,10,1868,Hulls Cove,ME,Maine,764#22#58
14/08/2015 0:46,EUR,11,90,28,661,Ponce,PR,Puerto Rico,765#12#246
14/08/2015 2:37,GBP,4,105,11,721,Guaynabo,PR,Puerto Rico,766#75#1
14/08/2015 2:37,GBP,25,118,27,1302,Pascoag,RI,Rhode Island,767#39#170
14/08/2015 18:39,GBP,22,85,21,1037,Bellingham,MA,Massachusetts,768#8#158
15/08/2015 4:56,EUR,15,139,12,1076,Dorchester Center,MA,Massachusetts,769#45#30
15/08/2015 4:56,USD,24,117,12,939,Worcester,MA,Massachusetts,770#36#39
16/08/2015 4:25,USD,12,112,13,1065,Boston,MA,Massachusetts,771#4#71
16/08/2015 4:46,USD,22,130,12,1707,North Waterford,ME,Maine,772#35#291
16/08/2015 4:46,EUR,15,125,24,1827,Pemaquid,ME,Maine,773#10#73
16/08/2015 10:56,EUR,19,67,10,902,Holden,MA,Massachusetts,774#26#198
16/08/2015 14:40,GBP,26,115,20,714,Toa Alta,PR,Puerto Rico,775#67#44
17/08/2015 10:13,GBP,25,140,15,1731,Hallowell,ME,Maine,776#73#119
17/08/2015 10:13,EUR,25,84,12,1463,Marlborough,NH,New Hampshire,777#67#131
17/08/2015 13:28,EUR,16,91,24,1129,Middleboro,MA,Massachusetts,778#47#122
18/08/2015 2:24,USD,23,110,30,1423,North Sutton,NH,New Hampshire,779#12#129
18/08/2015 2:24,EUR,25,138,27,1805,Topsfield,ME,Maine,780#19#272
18/08/2015 14:21,GBP,12,127,21,1594,Berwick,ME,Maine,781#66#81
18/08/2015 14:21,GBP,7,99,23,1199,Centerville,MA,Massachusetts,782#60#184
18/08/2015 14:21,USD,17,89,25,983,Georgetown,MA,Massachusetts,783#14#142
19/08/2015 8:26,USD,16,118,14,1287,Harrisville,RI,Rhode Island,784#21#278
19/08/2015 8:26,USD,25,148,20,1036,West Newbury,MA,Massachusetts,785#62#79
19/08/2015 10:36,USD,21,79,10,867,Warwick,MA,Massachusetts,786#26#33
20/08/2015 12:52,GBP,11,140,19,915,North Oxford,MA,Massachusetts,787#63#10
20/08/2015 17:12,EUR,3,130,16,1259,Norton,MA,Massachusetts,788#74#205
20/08/2015 17:12,GBP,29,76,22,1852,Cherryfield,ME,Maine,789#63#86
20/08/2015 17:12,GBP,11,90,14,1036,West Newbury,MA,Massachusetts,790#76#213
20/08/2015 17:12,USD,28,136,21,635,Mayaguez,PR,Puerto Rico,791#52#39
20/08/2015 17:12,GBP,22,105,15,889,West Townsend,MA,Massachusetts,792#8#84
21/08/2015 14:18,GBP,25,117,22,1382,Manchester,NH,New Hampshire,793#51#63
21/08/2015 14:18,GBP,11,97,15,1181,Monument Beach,MA,Massachusetts,794#56#269
21/08/2015 14:18,USD,28,126,19,1807,Waite,ME,Maine,795#41#221
21/08/2015 17:56,GBP,6,108,29,1228,West Dennis,MA,Massachusetts,796#41#35
21/08/2015 17:56,EUR,25,158,20,1080,East Boston,MA,Massachusetts,797#19#104
22/08/2015 11:09,GBP,22,153,12,1323,West Kingston,RI,Rhode Island,798#49#168
23/08/2015 2:18,EUR,28,20,9,1596,Eliot,ME,Maine,799#32#177
24/08/2015 4:16,USD,11,147,26,1926,Patten,ME,Maine,800#49#234
24/08/2015 6:51,EUR,19,111,25,1944,Hope,ME,Maine,801#37#23
25/08/2015 17:10,EUR,28,15,10,1121,Bridgewater,MA,Massachusetts,802#77#93
25/08/2015 17:10,EUR,7,82,17,1129,Middleboro,MA,Massachusetts,803#52#147
26/08/2015 5:48,GBP,1,94,20,1592,West Ossipee,NH,New Hampshire,804#7#129
26/08/2015 19:31,USD,21,148,13,643,Vega Baja,PR,Puerto Rico,805#27#190
27/08/2015 13:58,USD,13,118,25,976,Andover,MA,Massachusetts,806#24#110
27/08/2015 13:58,GBP,25,116,26,942,Worcester,MA,Massachusetts,807#66#74
28/08/2015 13:14,GBP,20,163,10,783,West Chesterfield,MA,Massachusetts,808#2#8
28/08/2015 13:14,USD,3,146,24,1037,Bellingham,MA,Massachusetts,809#44#126
28/08/2015 19:21,USD,10,141,28,1832,Squirrel Island,ME,Maine,810#19#161
29/08/2015 12:49,USD,24,93,12,819,Lanesborough,MA,Massachusetts,811#19#131
29/08/2015 12:49,GBP,9,159,15,1629,Hiram,ME,Maine,812#77#187
29/08/2015 14:53,GBP,2,107,29,1093,Somerville,MA,Massachusetts,813#36#237
29/08/2015 14:53,USD,14,105,15,1208,Forestdale,MA,Massachusetts,814#50#104
29/08/2015 16:06,USD,5,101,19,673,Vieques,PR,Puerto Rico,815#54#184
29/08/2015 16:06,EUR,17,134,13,947,Framingham,MA,Massachusetts,816#51#215
30/08/2015 2:51,EUR,21,130,29,967,Natick,MA,Massachusetts,817#52#6
30/08/2015 2:51,GBP,9,91,11,906,Leicester,MA,Massachusetts,818#34#194
30/08/2015 2:51,USD,10,155,18,1553,Greenland,NH,New Hampshire,819#5#161
30/08/2015 2:51,EUR,24,163,16,1451,Ashuelot,NH,New Hampshire,820#43#68
30/08/2015 11:59,USD,4,132,12,1013,Amesbury,MA,Massachusetts,821#5#97
30/08/2015 11:59,EUR,17,172,27,1355,Fremont,NH,New Hampshire,822#57#183
31/08/2015 18:26,USD,11,167,12,1984,Farmington Falls,ME,Maine,823#52#229
02/09/2015 13:51,EUR,24,112,14,1117,Boston,MA,Massachusetts,824#64#273
02/09/2015 13:51,USD,28,110,26,804,Springfield,MA,Massachusetts,825#19#210
02/09/2015 13:51,GBP,24,129,22,1168,Needham,MA,Massachusetts,826#72#24
03/09/2015 9:36,GBP,28,139,27,1821,Georgetown,ME,Maine,827#38#30
03/09/2015 9:36,GBP,28,118,13,1614,Casco,ME,Maine,828#61#243
04/09/2015 6:28,GBP,17,89,11,706,San Juan,PR,Puerto Rico,829#5#172
04/09/2015 6:51,GBP,21,148,21,1941,Westfield,ME,Maine,830#57#1
04/09/2015 6:51,EUR,19,172,23,760,Huntington,MA,Massachusetts,831#60#269
04/09/2015 6:51,GBP,3,100,17,1664,West Newfield,ME,Maine,832#31#97
04/09/2015 8:56,USD,7,132,14,1990,Kingfield,ME,Maine,833#12#206
04/09/2015 18:33,USD,5,65,11,956,Carlisle,MA,Massachusetts,834#29#173
05/09/2015 0:56,EUR,9,141,10,769,Oakham,MA,Massachusetts,835#15#169
05/09/2015 2:34,EUR,9,169,12,1159,Auburndale,MA,Massachusetts,836#13#47
05/09/2015 2:34,GBP,12,166,30,792,Williamsburg,MA,Massachusetts,837#16#103
06/09/2015 4:14,EUR,6,135,24,1467,Rindge,NH,New Hampshire,838#44#36
06/09/2015 10:25,GBP,12,132,16,774,Southampton,MA,Massachusetts,839#58#189
06/09/2015 10:25,EUR,12,177,18,1017,Danvers,MA,Massachusetts,840#21#248
07/09/2015 2:21,GBP,2,94,17,1330,Providence,RI,Rhode Island,841#12#67
08/09/2015 3:14,USD,22,106,29,641,Vega Alta,PR,Puerto Rico,842#28#145
08/09/2015 15:48,GBP,28,91,11,1982,Farmington,ME,Maine,843#31#199
09/09/2015 1:27,USD,1,134,21,1354,Francestown,NH,New Hampshire,844#9#272
09/09/2015 2:01,GBP,10,129,10,1244,Somerset,MA,Massachusetts,845#46#198
09/09/2015 9:47,EUR,27,171,27,1146,Brookline,MA,Massachusetts,846#30#55
09/09/2015 9:47,EUR,21,127,21,612,Camuy,PR,Puerto Rico,847#73#177
09/09/2015 9:47,USD,16,103,30,1373,Pelham,NH,New Hampshire,848#68#165
09/09/2015 12:46,USD,1,144,14,733,Amherst,MA,Massachusetts,849#56#238
09/09/2015 16:22,GBP,24,105,17,768,North Hatfield,MA,Massachusetts,850#25#277
11/09/2015 15:52,USD,24,121,14,740,Chester,MA,Massachusetts,851#41#121
11/09/2015 15:52,USD,2,132,25,1582,Sandown,NH,New Hampshire,852#13#291
11/09/2015 17:00,USD,9,174,30,1710,Paris,ME,Maine,853#61#264
11/09/2015 18:06,GBP,10,111,15,1462,Jaffrey,NH,New Hampshire,854#27#82
11/09/2015 18:06,EUR,26,167,11,1019,Gloucester,MA,Massachusetts,855#60#84
11/09/2015 18:06,GBP,17,69,19,1676,Auburn,ME,Maine,856#70#272
12/09/2015 17:22,USD,20,126,16,1409,Henniker,NH,New Hampshire,857#11#274
12/09/2015 17:22,EUR,27,139,26,1612,Brownfield,ME,Maine,858#10#229
13/09/2015 2:57,EUR,22,137,22,969,Southborough,MA,Massachusetts,859#75#49
13/09/2015 2:57,USD,7,119,30,1836,Washington,ME,Maine,860#53#234
13/09/2015 2:57,GBP,20,91,11,1061,Westwood,MA,Massachusetts,861#4#203
13/09/2015 2:57,GBP,20,130,17,1454,Dublin,NH,New Hampshire,862#12#242
13/09/2015 10:08,GBP,22,113,30,1914,Frenchville,ME,Maine,863#15#95
13/09/2015 10:08,USD,29,169,30,985,Haverhill,MA,Massachusetts,864#33#105
13/09/2015 12:11,USD,1,87,11,1192,Wareham,MA,Massachusetts,865#13#8
13/09/2015 13:34,EUR,6,110,30,1677,Andover,ME,Maine,866#70#110
14/09/2015 3:28,GBP,4,105,15,1519,Newport,NH,New Hampshire,867#11#99
14/09/2015 6:24,EUR,27,79,18,764,Monson,MA,Massachusetts,868#22#55
14/09/2015 6:24,GBP,11,130,10,1376,Lyndeborough,NH,New Hampshire,869#70#206
14/09/2015 6:24,USD,6,104,16,1575,Plaistow,NH,New Hampshire,870#65#62
14/09/2015 8:40,USD,11,151,27,1867,Harrington,ME,Maine,871#69#35
14/09/2015 8:40,EUR,2,109,21,1912,Fort Fairfield,ME,Maine,872#62#251
14/09/2015 8:40,GBP,24,157,10,1228,West Dennis,MA,Massachusetts,873#23#179
14/09/2015 11:23,USD,10,118,25,1463,Marlborough,NH,New Hampshire,874#1#54
14/09/2015 18:11,GBP,3,81,24,1736,Mount Vernon,ME,Maine,875#72#33
14/09/2015 18:44,GBP,24,118,16,1977,Dexter,ME,Maine,876#60#287
15/09/2015 15:57,USD,1,112,15,897,Clinton,MA,Massachusetts,877#74#3
15/09/2015 15:57,USD,27,91,18,1272,Block Island,RI,Rhode Island,878#63#94
16/09/2015 18:16,GBP,28,127,27,711,Toa Baja,PR,Puerto Rico,879#41#155
17/09/2015 0:41,EUR,23,80,10,1260,Raynham,MA,Massachusetts,880#29#247
17/09/2015 0:41,EUR,18,165,30,1730,Randolph,ME,Maine,881#65#129
18/09/2015 9:45,USD,16,113,30,1070,Boston,MA,Massachusetts,882#33#9
18/09/2015 16:43,EUR,13,112,29,1817,Chamberlain,ME,Maine,883#60#215
19/09/2015 8:00,GBP,1,99,23,1289,Hope Valley,RI,Rhode Island,884#62#180
19/09/2015 8:00,EUR,17,115,19,1820,Friendship,ME,Maine,885#62#184
21/09/2015 11:32,GBP,18,82,10,621,Guanica,PR,Puerto Rico,886#26#123
21/09/2015 16:04,EUR,9,165,13,1649,Saco,ME,Maine,887#36#50
22/09/2015 9:15,EUR,5,156,30,772,Russell,MA,Massachusetts,888#44#61
23/09/2015 5:41,USD,26,115,18,1308,Portsmouth,RI,Rhode Island,889#50#215
23/09/2015 5:41,GBP,2,94,20,637,San Sebastian,PR,Puerto Rico,890#50#162
23/09/2015 16:12,GBP,10,179,19,752,Granby,MA,Massachusetts,891#37#263
23/09/2015 17:03,GBP,19,120,16,1602,York,ME,Maine,892#35#83
23/09/2015 17:03,EUR,11,189,19,900,Fiskdale,MA,Massachusetts,893#58#89
23/09/2015 18:58,EUR,1,100,18,1761,Danforth,ME,Maine,894#21#280
23/09/2015 18:58,GBP,11,110,18,632,Rincon,PR,Puerto Rico,895#47#204
24/09/2015 13:43,USD,1,135,15,691,San Juan,PR,Puerto Rico,896#36#168
25/09/2015 3:44,USD,21,114,17,1975,Corinna,ME,Maine,897#17#221
25/09/2015 13:08,GBP,20,108,26,1697,Livermore Falls,ME,Maine,898#6#55
25/09/2015 13:08,EUR,17,153,13,1596,Eliot,ME,Maine,899#49#6
25/09/2015 13:08,USD,27,135,22,1076,Dorchester Center,MA,Massachusetts,900#55#21
26/09/2015 18:01,USD,9,96,13,1241,Fall River,MA,Massachusetts,901#58#63
26/09/2015 18:01,GBP,28,134,24,1893,Southwest Harbor,ME,Maine,902#42#249
26/09/2015 18:01,GBP,16,90,13,940,Worcester,MA,Massachusetts,903#18#17
27/09/2015 19:06,EUR,1,106,15,1056,Scituate,MA,Massachusetts,904#44#164
28/09/2015 5:34,GBP,4,129,15,632,Rincon,PR,Puerto Rico,905#13#157
28/09/2015 15:37,USD,15,171,30,1116,Boston,MA,Massachusetts,906#48#99
28/09/2015 15:37,GBP,24,122,20,1140,Rockland,MA,Massachusetts,907#23#175
28/09/2015 15:37,USD,11,105,28,836,Tyringham,MA,Massachusetts,908#28#55
29/09/2015 17:47,GBP,25,93,19,1914,Frenchville,ME,Maine,909#4#7
29/09/2015 17:47,USD,27,131,11,1222,South Wellfleet,MA,Massachusetts,910#9#193
29/09/2015 17:47,USD,16,99,21,1971,Canaan,ME,Maine,911#60#185
30/09/2015 17:29,EUR,24,119,10,1053,Norfolk,MA,Massachusetts,912#52#91
02/10/2015 1:34,EUR,5,155,19,733,Amherst,MA,Massachusetts,913#29#59
02/10/2015 1:34,EUR,25,100,12,863,Shelburne Falls,MA,Massachusetts,914#9#243
02/10/2015 17:44,GBP,14,152,22,1450,Antrim,NH,New Hampshire,915#6#179
02/10/2015 19:50,EUR,17,148,15,1446,Concord,NH,New Hampshire,916#62#13
03/10/2015 11:27,EUR,22,65,19,1948,Monhegan,ME,Maine,917#50#266
03/10/2015 18:30,GBP,21,130,26,976,Andover,MA,Massachusetts,918#28#230
03/10/2015 18:30,EUR,24,103,11,1776,Hudson,ME,Maine,919#40#230
03/10/2015 18:30,GBP,18,163,23,774,Southampton,MA,Massachusetts,920#39#246
03/10/2015 18:30,GBP,28,161,19,1302,Pascoag,RI,Rhode Island,921#57#197
04/10/2015 10:14,GBP,5,121,24,1061,Westwood,MA,Massachusetts,922#38#23
04/10/2015 10:14,GBP,14,93,16,898,East Brookfield,MA,Massachusetts,923#19#73
05/10/2015 2:11,USD,19,140,24,1496,Charlestown,NH,New Hampshire,924#8#276
05/10/2015 12:38,EUR,5,129,27,1104,Quincy,MA,Massachusetts,925#43#22
05/10/2015 12:38,EUR,15,165,10,1634,Limerick,ME,Maine,926#19#156
06/10/2015 12:18,EUR,9,121,11,607,Bajadero,PR,Puerto Rico,927#53#51
06/10/2015 12:37,EUR,7,77,12,1937,Wallagrass,ME,Maine,928#2#268
06/10/2015 12:37,EUR,13,122,22,1372,New Ipswich,NH,New Hampshire,929#42#209
06/10/2015 12:55,USD,3,127,10,1968,Brooks,ME,Maine,930#22#236
07/10/2015 16:40,EUR,8,149,20,738,Bondsville,MA,Massachusetts,931#23#219
07/10/2015 16:40,USD,22,155,14,1763,Corinth,ME,Maine,932#65#197
08/10/2015 16:16,GBP,4,116,20,649,Arroyo,PR,Puerto Rico,933#77#45
10/10/2015 10:58,USD,16,81,16,1979,East Newport,ME,Maine,934#61#257
10/10/2015 10:58,GBP,28,116,30,794,Worthington,MA,Massachusetts,935#45#88
11/10/2015 7:22,USD,17,145,20,803,Springfield,MA,Massachusetts,936#22#279
11/10/2015 7:22,EUR,25,96,10,1643,Ocean Park,ME,Maine,937#12#173
11/10/2015 9:18,GBP,28,144,16,1869,Isle Au Haut,ME,Maine,938#59#151
11/10/2015 10:50,EUR,29,155,26,1654,Springvale,ME,Maine,939#52#81
12/10/2015 0:13,USD,8,116,13,876,Gardner,MA,Massachusetts,940#58#55
12/10/2015 7:45,EUR,9,93,15,1288,Hope,RI,Rhode Island,941#68#46
12/10/2015 7:45,GBP,4,184,23,1955,Tenants Harbor,ME,Maine,942#36#13
12/10/2015 8:50,GBP,26,195,16,687,La Plata,PR,Puerto Rico,943#23#138
12/10/2015 10:19,EUR,21,134,15,1004,Wilmington,MA,Massachusetts,944#13#240
14/10/2015 4:36,USD,9,176,16,1433,Tilton,NH,New Hampshire,945#57#14
14/10/2015 4:36,EUR,4,102,15,1297,Newport,RI,Rhode Island,946#52#232
14/10/2015 9:45,EUR,25,142,16,764,Monson,MA,Massachusetts,947#20#283
14/10/2015 9:45,GBP,19,154,25,1673,Peaks Island,ME,Maine,948#5#41
14/10/2015 10:25,EUR,8,100,19,1752,Brookton,ME,Maine,949#70#217
14/10/2015 10:25,USD,14,149,28,1717,Wayne,ME,Maine,950#5#185
14/10/2015 10:25,USD,12,86,18,1299,North Kingstown,RI,Rhode Island,951#29#49
15/10/2015 6:21,USD,2,154,22,1423,North Sutton,NH,New Hampshire,952#75#57
15/10/2015 6:21,EUR,25,178,27,1337,North Providence,RI,Rhode Island,953#53#8
15/10/2015 6:21,EUR,4,126,10,1142,West Bridgewater,MA,Massachusetts,954#2#72
15/10/2015 6:21,EUR,27,176,12,798,Longmeadow,MA,Massachusetts,955#3#55
15/10/2015 11:08,EUR,7,108,22,1801,Shirley Mills,ME,Maine,956#28#16
15/10/2015 11:08,EUR,25,187,30,1578,Rollinsford,NH,New Hampshire,957#46#76
15/10/2015 11:08,GBP,7,96,16,905,Lancaster,MA,Massachusetts,958#22#51
15/10/2015 11:08,EUR,4,134,23,1294,Manville,RI,Rhode Island,959#13#240
15/10/2015 13:44,GBP,7,77,13,1954,Spruce Head,ME,Maine,960#47#252
15/10/2015 14:42,EUR,20,62,29,1089,Cambridge,MA,Massachusetts,961#51#1
15/10/2015 17:57,GBP,5,146,10,1138,Plympton,MA,Massachusetts,962#42#293
16/10/2015 11:49,GBP,10,132,29,1073,Roxbury Crossing,MA,Massachusetts,963#19#244
16/10/2015 11:49,USD,22,152,28,1806,Vanceboro,ME,Maine,964#32#99
16/10/2015 11:49,GBP,28,118,21,951,Acton,MA,Massachusetts,965#65#185
17/10/2015 10:18,GBP,20,140,27,1285,Greene,RI,Rhode Island,966#1#281
17/10/2015 11:13,EUR,4,156,22,715,Bayamon,PR,Puerto Rico,967#32#232
17/10/2015 11:13,EUR,8,124,29,1847,Birch Harbor,ME,Maine,968#12#106
17/10/2015 17:39,GBP,27,117,28,1459,Hancock,NH,New Hampshire,969#49#247
17/10/2015 17:39,USD,16,122,22,999,Reading,MA,Massachusetts,970#24#201
18/10/2015 5:03,GBP,6,162,3,1758,Carmel,ME,Maine,971#2#18
18/10/2015 5:03,EUR,7,159,16,1468,Spofford,NH,New Hampshire,972#64#151
18/10/2015 8:25,USD,2,118,30,992,Lowell,MA,Massachusetts,973#53#41
18/10/2015 16:30,USD,26,112,18,974,Woburn,MA,Massachusetts,974#71#90
18/10/2015 16:31,GBP,26,135,22,1597,Kittery,ME,Maine,975#55#39
20/10/2015 9:05,EUR,19,87,13,873,Devens,MA,Massachusetts,976#74#161
22/10/2015 8:58,USD,2,121,11,1975,Corinna,ME,Maine,977#4#188
22/10/2015 8:58,GBP,7,178,27,1593,Wolfeboro,NH,New Hampshire,978#75#273
22/10/2015 10:38,EUR,26,122,11,1655,Standish,ME,Maine,979#16#84
23/10/2015 2:29,USD,28,124,17,1990,Kingfield,ME,Maine,980#60#244
23/10/2015 5:47,USD,13,114,23,1545,East Wakefield,NH,New Hampshire,981#46#196
23/10/2015 5:47,GBP,5,65,22,1481,Gorham,NH,New Hampshire,982#66#251
23/10/2015 9:08,USD,3,157,24,733,Amherst,MA,Massachusetts,983#3#53
23/10/2015 9:08,USD,9,121,26,1390,Barnstead,NH,New Hampshire,984#40#236
23/10/2015 19:08,GBP,13,137,17,1937,Wallagrass,ME,Maine,985#77#229
23/10/2015 19:08,EUR,11,106,10,979,Dracut,MA,Massachusetts,986#71#249
23/10/2015 19:08,GBP,12,118,26,1285,Greene,RI,Rhode Island,987#65#87
23/10/2015 19:08,GBP,4,120,23,1359,Greenville,NH,New Hampshire,988#49#139
25/10/2015 0:47,USD,27,94,10,1799,Sangerville,ME,Maine,989#69#262
25/10/2015 0:47,USD,27,146,18,1235,Cuttyhunk,MA,Massachusetts,990#20#135
25/10/2015 0:47,GBP,9,129,16,1082,Jamaica Plain,MA,Massachusetts,991#74#5
25/10/2015 7:19,USD,17,69,26,1935,Sinclair,ME,Maine,992#13#75
25/10/2015 15:27,USD,23,110,27,1456,Swanzey,NH,New Hampshire,993#14#253
26/10/2015 1:50,GBP,19,121,16,1695,Lisbon Falls,ME,Maine,994#18#95
28/10/2015 4:49,USD,10,147,17,931,Westborough,MA,Massachusetts,995#52#290
28/10/2015 4:49,USD,20,119,30,614,Sabana Grande,PR,Puerto Rico,996#33#284
28/10/2015 17:14,EUR,29,90,26,1195,Nantucket,MA,Massachusetts,997#8#172
28/10/2015 17:14,GBP,20,119,15,1695,Lisbon Falls,ME,Maine,998#33#288
28/10/2015 17:14,GBP,27,131,17,1838,Southport,ME,Maine,999#55#167
29/10/2015 1:50,USD,15,145,15,1570,Newton,NH,New Hampshire,1000#57#29
29/10/2015 1:50,USD,16,135,29,1538,Danville,NH,New Hampshire,1001#34#217
29/10/2015 3:14,GBP,2,174,27,708,Fort Buchanan,PR,Puerto Rico,1002#70#125
29/10/2015 14:43,GBP,24,135,22,1680,Buckfield,ME,Maine,1003#26#272
29/10/2015 14:43,GBP,21,111,26,792,Williamsburg,MA,Massachusetts,1004#65#258
30/10/2015 6:06,GBP,7,73,12,709,San Juan,PR,Puerto Rico,1005#6#256
30/10/2015 6:06,EUR,17,116,14,1657,Topsham,ME,Maine,1006#67#51
30/10/2015 6:06,USD,16,112,25,1592,West Ossipee,NH,New Hampshire,1007#21#146
03/11/2015 2:05,USD,5,83,25,1441,Wilmot,NH,New Hampshire,1008#4#289
03/11/2015 2:05,USD,25,73,16,1279,Coventry,RI,Rhode Island,1009#22#76
04/11/2015 19:52,GBP,13,149,23,1087,Hyde Park,MA,Massachusetts,1010#27#190
04/11/2015 19:52,EUR,23,97,15,1832,Squirrel Island,ME,Maine,1011#68#112
05/11/2015 0:56,EUR,28,123,21,1446,Concord,NH,New Hampshire,1012#34#237
05/11/2015 0:56,GBP,25,162,20,1512,Guild,NH,New Hampshire,1013#52#115
05/11/2015 7:00,USD,27,116,14,1828,Phippsburg,ME,Maine,1014#31#110
05/11/2015 7:00,GBP,14,110,13,1605,Acton,ME,Maine,1015#73#168
06/11/2015 17:28,GBP,19,136,17,940,Worcester,MA,Massachusetts,1016#38#265
06/11/2015 18:26,EUR,4,143,21,1578,Rollinsford,NH,New Hampshire,1017#6#276
06/11/2015 18:26,EUR,14,99,13,1411,Hillsborough,NH,New Hampshire,1018#55#50
08/11/2015 5:14,USD,1,166,12,941,Worcester,MA,Massachusetts,1019#34#5
08/11/2015 7:38,USD,28,147,22,654,Naranjito,PR,Puerto Rico,1020#21#140
09/11/2015 1:23,USD,11,149,21,1397,Center Harbor,NH,New Hampshire,1021#41#181
09/11/2015 1:23,EUR,19,112,18,1230,West Hyannisport,MA,Massachusetts,1022#28#221
09/11/2015 4:38,USD,28,101,21,1604,York Harbor,ME,Maine,1023#44#20
09/11/2015 15:05,USD,13,93,11,1445,Concord,NH,New Hampshire,1024#72#196
09/11/2015 18:53,GBP,3,121,19,673,Vieques,PR,Puerto Rico,1025#77#248
10/11/2015 3:58,EUR,23,155,21,1309,Prudence Island,RI,Rhode Island,1026#32#206
10/11/2015 6:27,USD,14,128,10,1060,Walpole,MA,Massachusetts,1027#61#74
10/11/2015 6:27,USD,19,73,14,1592,West Ossipee,NH,New Hampshire,1028#28#251
10/11/2015 9:34,USD,13,162,25,1893,Southwest Harbor,ME,Maine,1029#49#224
10/11/2015 9:34,GBP,7,88,12,1919,Mapleton,ME,Maine,1030#75#254
11/11/2015 1:55,USD,11,115,21,1170,Needham Heights,MA,Massachusetts,1031#7#8
11/11/2015 3:22,GBP,2,138,24,1627,Gray,ME,Maine,1032#4#38
12/11/2015 4:25,EUR,3,109,18,1764,Eddington,ME,Maine,1033#61#33
12/11/2015 5:23,USD,12,116,23,1063,Boston,MA,Massachusetts,1034#71#99
13/11/2015 7:18,GBP,6,73,25,827,Otis,MA,Massachusetts,1035#41#90
13/11/2015 7:18,USD,6,120,10,656,Patillas,PR,Puerto Rico,1036#20#179
13/11/2015 7:29,EUR,19,87,17,796,Springfield,MA,Massachusetts,1037#61#182
13/11/2015 9:16,USD,20,87,16,1241,Fall River,MA,Massachusetts,1038#51#214
13/11/2015 9:16,EUR,16,129,14,1377,Temple,NH,New Hampshire,1039#38#257
13/11/2015 9:16,GBP,14,160,29,1325,Wood River Junction,RI,Rhode Island,1040#29#252
13/11/2015 16:09,GBP,10,173,29,1125,Halifax,MA,Massachusetts,1041#52#66
15/11/2015 18:45,EUR,23,131,16,1211,Hyannis Port,MA,Massachusetts,1042#49#122
15/11/2015 18:45,USD,24,128,25,1719,West Bethel,ME,Maine,1043#25#255
17/11/2015 3:36,EUR,26,199,17,1173,Chilmark,MA,Massachusetts,1044#45#184
17/11/2015 3:50,USD,15,113,30,1711,Poland,ME,Maine,1045#24#46
18/11/2015 3:09,GBP,24,161,14,1729,Gardiner,ME,Maine,1046#73#127
18/11/2015 7:19,EUR,2,119,21,870,Ashburnham,MA,Massachusetts,1047#30#252
18/11/2015 7:19,EUR,13,153,21,948,Framingham,MA,Massachusetts,1048#43#34
18/11/2015 16:19,GBP,2,189,15,956,Carlisle,MA,Massachusetts,1049#60#263
18/11/2015 16:19,EUR,7,129,27,1099,Revere,MA,Massachusetts,1050#42#105
21/11/2015 3:45,EUR,17,102,23,1179,Buzzards Bay,MA,Massachusetts,1051#68#189
22/11/2015 17:22,EUR,7,83,21,899,Douglas,MA,Massachusetts,1052#6#75
22/11/2015 17:22,USD,29,160,30,1631,Kennebunk,ME,Maine,1053#3#201
25/11/2015 3:49,GBP,6,167,23,1373,Pelham,NH,New Hampshire,1054#67#251
25/11/2015 3:55,USD,24,108,10,682,Gurabo,PR,Puerto Rico,1055#17#68
25/11/2015 6:41,EUR,23,117,27,1363,Londonderry,NH,New Hampshire,1056#50#183
26/11/2015 5:43,GBP,26,145,12,857,New Salem,MA,Massachusetts,1057#31#5
26/11/2015 5:43,GBP,10,149,26,876,Gardner,MA,Massachusetts,1058#75#156
26/11/2015 7:25,EUR,11,100,22,604,Maricao,PR,Puerto Rico,1059#8#171
26/11/2015 7:25,USD,2,122,16,1501,North Walpole,NH,New Hampshire,1060#15#228
27/11/2015 6:56,USD,27,97,30,932,West Boylston,MA,Massachusetts,1061#75#198
27/11/2015 6:56,USD,8,74,16,1274,Bristol,RI,Rhode Island,1062#56#5
27/11/2015 16:15,GBP,28,123,16,726,Trujillo Alto,PR,Puerto Rico,1063#39#170
27/11/2015 16:15,GBP,10,157,14,668,Punta Santiago,PR,Puerto Rico,1064#34#220
28/11/2015 10:12,USD,16,199,25,1951,Port Clyde,ME,Maine,1065#17#180
28/11/2015 10:12,USD,28,114,21,864,South Deerfield,MA,Massachusetts,1066#42#176
28/11/2015 10:12,EUR,25,146,19,820,Lee,MA,Massachusetts,1067#52#258
29/11/2015 19:55,GBP,14,81,12,1271,Barrington,RI,Rhode Island,1068#38#160
01/12/2015 4:16,GBP,10,101,25,920,Shrewsbury,MA,Massachusetts,1069#40#178
01/12/2015 4:16,USD,22,129,25,1201,Cotuit,MA,Massachusetts,1070#9#64
01/12/2015 4:16,USD,22,132,26,1157,Newton Upper Falls,MA,Massachusetts,1071#26#191
01/12/2015 9:50,GBP,21,113,28,877,Groton,MA,Massachusetts,1072#35#275
01/12/2015 12:40,USD,16,162,30,1329,Providence,RI,Rhode Island,1073#35#183
01/12/2015 15:04,EUR,27,111,20,1836,Washington,ME,Maine,1074#55#201
02/12/2015 12:04,GBP,11,103,27,1204,Dennis Port,MA,Massachusetts,1075#19#143
02/12/2015 12:04,EUR,14,176,17,1598,Kittery Point,ME,Maine,1076#51#259
03/12/2015 14:59,GBP,16,130,29,1050,Medfield,MA,Massachusetts,1077#51#43
05/12/2015 7:07,GBP,21,87,11,1292,Kenyon,RI,Rhode Island,1078#46#114
05/12/2015 7:07,EUR,18,128,24,1196,Hyannis,MA,Massachusetts,1079#10#172
05/12/2015 12:41,GBP,23,177,29,1509,Georges Mills,NH,New Hampshire,1080#49#141
05/12/2015 12:41,EUR,16,145,26,813,Cheshire,MA,Massachusetts,1081#19#124
05/12/2015 12:41,GBP,13,111,14,606,Arecibo,PR,Puerto Rico,1082#34#66
05/12/2015 12:41,EUR,4,139,19,1150,Waltham,MA,Massachusetts,1083#50#190
05/12/2015 12:41,EUR,6,151,27,1672,Cape Elizabeth,ME,Maine,1084#49#128
05/12/2015 12:41,USD,7,159,26,663,Ceiba,PR,Puerto Rico,1085#76#148
05/12/2015 12:41,EUR,19,75,16,1399,Contoocook,NH,New Hampshire,1086#47#183
07/12/2015 4:40,USD,19,111,28,1351,Deerfield,NH,New Hampshire,1087#39#267
07/12/2015 4:40,EUR,13,147,16,1214,North Chatham,MA,Massachusetts,1088#68#157
07/12/2015 8:40,EUR,25,151,26,1905,Benedicta,ME,Maine,1089#31#83
08/12/2015 16:38,USD,2,130,27,1865,Hancock,ME,Maine,1090#49#157
08/12/2015 19:54,GBP,15,137,18,1936,Smyrna Mills,ME,Maine,1091#20#280
08/12/2015 19:54,EUR,26,124,18,1984,Farmington Falls,ME,Maine,1092#52#28
09/12/2015 0:59,EUR,13,74,20,1868,Hulls Cove,ME,Maine,1093#37#181
09/12/2015 6:25,GBP,25,104,15,1505,Cornish,NH,New Hampshire,1094#29#117
09/12/2015 8:00,GBP,4,132,18,924,Spencer,MA,Massachusetts,1095#39#188
09/12/2015 8:00,GBP,18,156,27,1417,Moultonborough,NH,New Hampshire,1096#39#61
09/12/2015 8:00,EUR,15,XXX,20,1814,Boothbay,ME,Maine,1097#16#279
09/12/2015 9:34,USD,6,XXX,13,619,Florida,PR,Puerto Rico,1098#1#293
11/12/2015 4:47,USD,17,XXX,25,1763,Corinth,ME,Maine,1099#28#4
11/12/2015 4:47,USD,18,XXX,10,1291,Jamestown,RI,Rhode Island,1100#31#95
12/12/2015 1:34,USD,15,XXX,17,1908,Caribou,ME,Maine,1101#39#206
12/12/2015 5:09,USD,22,XXX,21,1276,Charlestown,RI,Rhode Island,1102#48#181
12/12/2015 5:09,USD,26,XXX,17,1617,Cornish,ME,Maine,1103#24#33
12/12/2015 5:09,USD,28,XXX,11,1473,Winchester,NH,New Hampshire,1104#9#155
12/12/2015 13:55,EUR,10,158,13,1913,Fort Kent,ME,Maine,1105#34#266
13/12/2015 0:22,EUR,5,81,22,1271,Barrington,RI,Rhode Island,1106#51#134
14/12/2015 9:02,GBP,10,122,24,1898,Swans Island,ME,Maine,1107#58#95
14/12/2015 9:02,USD,21,140,22,922,South Grafton,MA,Massachusetts,1108#34#140
14/12/2015 19:40,GBP,13,87,10,1693,Lewiston,ME,Maine,1109#64#78
16/12/2015 11:01,USD,28,96,27,1320,Warwick,RI,Rhode Island,1110#72#79
16/12/2015 11:01,GBP,8,122,22,1037,Bellingham,MA,Massachusetts,1111#6#248
16/12/2015 11:01,USD,22,142,12,1462,Jaffrey,NH,New Hampshire,1112#31#171
17/12/2015 8:27,USD,27,93,23,1777,Kenduskeag,ME,Maine,1113#74#106
17/12/2015 8:27,USD,26,80,28,1369,Nashua,NH,New Hampshire,1114#66#48
18/12/2015 11:15,EUR,17,130,12,695,San Juan,PR,Puerto Rico,1115#75#192
18/12/2015 11:15,USD,24,103,28,1830,Round Pond,ME,Maine,1116#19#265
18/12/2015 11:48,GBP,27,83,15,801,Springfield,MA,Massachusetts,1117#48#214
18/12/2015 14:18,EUR,24,138,27,1199,Centerville,MA,Massachusetts,1118#75#193
19/12/2015 5:59,EUR,15,123,23,991,Lowell,MA,Massachusetts,1119#71#16
19/12/2015 5:59,EUR,12,110,27,1424,Northwood,NH,New Hampshire,1120#29#102
19/12/2015 12:45,EUR,17,129,11,823,Middlefield,MA,Massachusetts,1121#63#180
19/12/2015 12:45,GBP,29,104,26,1404,Franklin,NH,New Hampshire,1122#10#48
20/12/2015 8:13,USD,3,129,20,965,Mendon,MA,Massachusetts,1123#49#148
22/12/2015 5:06,GBP,2,107,12,1879,Milbridge,ME,Maine,1124#77#262
22/12/2015 5:06,GBP,22,131,20,1241,Fall River,MA,Massachusetts,1125#63#80
23/12/2015 5:19,EUR,15,75,16,627,Lajas,PR,Puerto Rico,1126#57#43
23/12/2015 10:10,USD,22,145,12,1548,Farmington,NH,New Hampshire,1127#55#109
23/12/2015 10:10,EUR,6,156,21,947,Framingham,MA,Massachusetts,1128#48#184
23/12/2015 10:10,EUR,10,168,15,1857,Deer Isle,ME,Maine,1129#64#151
23/12/2015 13:08,USD,15,165,14,1203,Dennis,MA,Massachusetts,1130#36#131
23/12/2015 13:08,EUR,12,141,14,1764,Eddington,ME,Maine,1131#66#169
23/12/2015 13:08,USD,12,126,20,1889,Seal Cove,ME,Maine,1132#67#31
23/12/2015 13:08,USD,4,100,14,715,Bayamon,PR,Puerto Rico,1133#54#85
24/12/2015 0:02,USD,12,150,11,1962,Anson,ME,Maine,1134#27#194
24/12/2015 0:02,EUR,10,98,25,1532,Bartlett,NH,New Hampshire,1135#14#127
24/12/2015 5:12,GBP,17,167,19,1254,South Dartmouth,MA,Massachusetts,1136#29#135
24/12/2015 5:12,USD,8,104,13,1730,Randolph,ME,Maine,1137#19#24
24/12/2015 5:12,USD,27,84,17,728,Carolina,PR,Puerto Rico,1138#41#163
24/12/2015 8:45,USD,16,159,19,1064,Boston,MA,Massachusetts,1139#32#42
24/12/2015 8:45,USD,6,93,27,1499,South Acworth,NH,XXX,1140#13#101
24/12/2015 10:41,USD,12,171,24,936,Worcester,MA,XXX,1141#25#156
25/12/2015 5:47,USD,24,15,9,1331,Providence,RI,XXX,1142#67#122
25/12/2015 5:47,USD,7,136,11,1427,Plymouth,NH,XXX,1143#57#92
25/12/2015 5:47,USD,14,167,15,1801,Shirley Mills,ME,XXX,1144#28#272
25/12/2015 10:35,GBP,12,101,27,1803,Stetson,ME,XXX,1145#43#171
25/12/2015 10:35,EUR,5,126,18,701,San Juan,PR,XXX,1146#72#206
27/12/2015 12:05,EUR,8,127,15,635,Mayaguez,PR,XXX,1147#72#95
27/12/2015 18:11,USD,17,76,21,1373,Pelham,NH,New Hampshire,1148#66#156
27/12/2015 18:11,USD,20,134,14,916,Oxford,MA,Massachusetts,1149#61#264
28/12/2015 4:02,EUR,19,115,26,846,Colrain,MA,Massachusetts,1150#31#135
29/12/2015 11:53,USD,4,146,20,1824,New Harbor,ME,Maine,1151#68#15
29/12/2015 11:53,GBP,9,109,21,1306,Cumberland,RI,Rhode Island,1152#54#215
29/12/2015 11:53,EUR,16,184,19,1243,Fall River,XXX,Massachusetts,1153#47#37
29/12/2015 12:18,EUR,10,115,26,622,Guayanilla,XXX,Puerto Rico,1154#33#289
05/01/2016 12:24,USD,15,130,14,946,Paxton,XXX,Massachusetts,1155#32#97
05/01/2016 12:24,EUR,1,165,10,1133,North Easton,XXX,Massachusetts,1156#27#242
19/02/2016 20:41,EUR,5,136,26,1063,Boston,XXX,Massachusetts,1157#43#188
30/03/2016 14:14,USD,5,72,16,1988,Hinckley,XXX,Maine,1158#48#17
27/05/2016 12:57,EUR,17,123,28,1073,Roxbury Crossing,XXX,Massachusetts,1159#29#274
16/07/2016 9:49,GBP,19,187,27,833,Southfield,MA,Massachusetts,1160#76#292
16/07/2016 9:49,USD,27,151,22,1848,Blue Hill,ME,Maine,1161#66#225
29/03/2017 17:06,EUR,25,152,14,1835,Walpole,ME,Maine,1162#11#93
29/03/2017 17:06,USD,3,132,23,1515,Lebanon,NH,New Hampshire,1163#63#220
16/09/2017 13:50,GBP,18,146,21,1067,Boston,MA,Massachusetts,1164#5#102
